,flux_idx,index,lon,lat,iflux,qflux,uflux,pflux
0,138,9891,1.0659251837722643,0.7388896757842112,3227.349942956597,60.81695578380964,79.40729179515779,100.02109827956896
1,149,9809,1.7158370095244984,1.0175769685388587,1251.9344966811798,-25.234398723564524,87.83837394398786,91.39121848440188
2,169,9893,1.281600817240726,0.7310376605341364,1062.8529350333913,-24.637175416276897,-81.07289066468171,84.73372417886418
3,367,9785,2.000742042706263,0.8759571604966708,498.69170993849457,-25.475519932366463,36.8748807756678,44.81918058202443
4,397,9641,3.0962038789677027,1.0188201606618688,449.0887440783093,-36.8120731895031,-18.55782008345077,41.225252197640486
5,403,9746,2.158972284716985,1.0258608002251488,359.31515003989983,-21.64353668883584,-34.38695445167149,40.63133417526814
6,407,9850,0.8618008418776082,0.976007950926918,562.9107412979228,3.4797911860599946,-40.14990829234542,40.300422858604456
7,414,9694,2.4866819015914485,1.0589021011364903,626.5357257490629,10.15733744741581,38.61090278104437,39.924595396671656
8,417,9797,0.7305278807491334,1.2787228927950365,2273.651406618672,37.406022608391055,-13.474692384645625,39.75899724892832
9,448,9886,1.5303317501723588,0.7340928495581129,562.3656056842879,7.708541085145827,-37.004118918346,37.798497623377486
10,462,9644,2.6716019433415648,0.9064033492953304,1085.2082342251615,-24.78943693307381,-27.013997300370065,36.66431826180933
11,470,9761,2.042547301875515,1.076602338457689,473.1754411656585,13.706102459832808,33.19635854867625,35.914557849592214
12,475,9861,1.4002910844846814,0.8559921400285055,766.3902859404315,-31.193565688408924,17.08899924565769,35.56785677511609
13,556,9642,3.150332247396144,1.0266886538231188,581.1832762373969,-13.626151347620503,28.23460502577178,31.35067657179981
14,576,9733,2.976955925180019,1.4547152924367677,329.8159431350763,0.457695769777411,-30.43553184500133,30.43897311188013
15,656,9823,1.8359307386424428,0.8678950099994327,797.9639048790863,12.500978561838224,24.59499825884655,27.589643063225807
16,702,9647,2.7488935718910694,0.959307017980425,609.2373796996773,15.68440080339482,20.632538768267565,25.917215988327065
17,729,9632,3.289566220606704,0.9847587795592968,650.8942160531685,-9.038220475989087,23.23204036309504,24.92823958495797
18,733,9760,1.505563921197102,1.4507215337648471,921.040404926443,21.33663483281841,-12.781010407901483,24.871795533011404
19,757,9734,2.567585300216503,1.3779351414985066,904.9174573719866,-23.807966896261284,5.490088740336213,24.432772296860616
20,792,9887,1.1477038256515248,0.7718949982558877,1259.4624476901497,12.579054393747755,19.444654881108303,23.15873944942328
21,838,9837,1.41617280777493,1.0022260386211457,510.7032289811768,-6.684734772656474,21.198638050510333,22.22763896992452
22,882,9643,2.579313877170057,0.8568432171980903,497.2184463934733,-12.400405312774854,17.450154399202912,21.40742722694896
23,886,9807,1.516067224006115,1.1266124035913023,849.0778049932655,-20.016850065476422,7.432873287657799,21.352327551209505
24,890,9663,2.4806640236898354,0.8751090696129726,776.3934891890467,-7.058222416263289,-20.10683962331276,21.30970443988048
25,913,9765,1.5180457038801425,1.4103549507826931,318.357830236276,-15.439552898884267,-13.995921697040242,20.83904071369715
26,926,9690,3.044310381078064,1.2181332433948224,840.147124586211,-7.32674370960127,19.26553162027125,20.6116928464853
27,937,9666,3.13797330721469,1.1347830294063874,714.1841201424415,12.306946088070198,-16.230768650678844,20.36906411709987
28,941,9743,2.303283456026622,1.3811392211255948,859.3519981863755,20.221340185373723,2.025330742654255,20.322513710408725
29,942,9667,3.5625908793793437,1.164137224418048,362.1779532190754,20.312936960242546,0.5856921436108117,20.32137896988969
30,953,9817,1.6746552690597485,1.005548043372414,758.8123170492507,-17.816644824252386,-9.394696762982154,20.14182613523279
31,954,9754,2.0934108941683864,1.0341350558700115,592.5691097053135,20.06024398381851,-1.4769826087471989,20.114543651717987
32,1006,9782,1.9917383068021592,0.9219868337305503,463.0942374349268,-15.29713923689825,-11.32477526848366,19.03294521913808
33,1018,9624,3.3208855676583013,0.9697501773412222,603.6988280148144,1.527891103767302,18.811477578339968,18.87342417012235
34,1023,9826,0.9151916627006884,1.1429462673679935,355.0876446346064,-18.67941858168055,-2.232026283637764,18.812299696753783
35,1026,9710,3.591178050861697,1.3999536071547776,478.3337427647727,8.171434181743795,16.921206902438435,18.79094408542852
36,1027,9773,1.1323911762048722,1.4027544128059766,526.5517589435574,15.968121567159558,9.893943369331492,18.78486150545499
37,1040,9635,3.0702415909314187,0.978509377322622,339.13605087486366,-7.079285522061703,17.190815215395485,18.59140692020766
38,1052,9792,1.5480677625808226,1.1966494253321391,454.3922663514916,18.375841719010108,1.8500579501407832,18.46873772895678
39,1065,9894,1.5121215616582708,0.7046752451648378,1674.9685433045431,4.6133386570459125,-17.65314153294127,18.24599406847021
40,1076,9697,3.69187971629383,1.3237846097408774,371.8060615382935,3.546629113278075,17.757066815315067,18.10778837822872
41,1099,9840,1.0759291800955066,1.0452904194257904,976.8941028629704,17.53032157878315,-2.715465378350628,17.739389134820033
42,1109,9889,1.335294043090938,0.7458578269662859,459.0624516533214,8.536699863080047,15.45174078833653,17.653088623304807
43,1113,9759,1.976480896942039,1.219348055744519,402.6488518850412,-14.62305007548072,9.80289340395301,17.60483776123149
44,1116,9631,2.6020881680595265,0.8252615547148763,651.1775874713068,10.613289058550572,-14.017048112792336,17.581795768256566
45,1142,9751,2.1226482971945013,1.051480595951507,429.9375670973659,-9.458605449711476,14.351709498829488,17.188274567044363
46,1145,9696,3.1244939998148125,1.2952347983361887,608.353117667285,-15.726934585941352,-6.766326098343935,17.120737143581422
47,1158,9706,3.480179657101685,1.367919153261963,1387.6234250938762,-16.95435079821703,0.5393656499442209,16.96292799882562
48,1179,9885,1.7207429488107178,0.6851801334166481,487.33276523960086,13.993947335030484,9.128946600987074,16.7083281048488
49,1180,9732,2.5314823155872768,1.339846379726393,505.6050016664407,-11.200900663942535,-12.394226866531126,16.70559892079749
50,1217,9717,2.8870038421495186,1.3823406246807042,1154.4275985207098,15.91768590590159,-2.9645182770794145,16.191389477561092
51,1233,3264,1.764835873046031,1.536906907530245,171.12058683616235,15.796351918840127,-2.576745431697703,16.005135143559993
52,1234,9793,1.6531963231437783,1.1458016841121217,505.1283037071544,-3.8094855931410327,15.53938697632054,15.999522745513053
53,1268,9671,3.143862590478225,1.1539551951329248,715.0800553518878,-13.07029847283142,-8.45007113724985,15.56394565633928
54,1277,9727,3.5195487663510225,1.4539165782845889,1108.2973583748042,-14.96868450270168,3.931522123242897,15.476381422896305
55,1283,9736,2.218151792691651,0.9316532574894936,316.53300002123456,3.8670358058020335,-14.886372620796408,15.380443937954194
56,1292,9890,0.9235238785039854,0.7301643669345682,286.1527755820474,13.16158258128952,-7.781477477685294,15.289821705298827
57,1312,9661,3.1128414708225653,1.120479491650411,292.6526167004961,-12.959291006439008,-7.731212236696269,15.09022418781156
58,1319,9693,2.41032255107432,0.9839258677009792,604.8831309349257,7.938112573417221,-12.778908689454,15.043740842012918
59,1340,9758,1.4979243322528657,1.4547152924367677,1267.3477418574694,3.0944619847872183,-14.512609124220695,14.838851659333583
60,1343,9685,2.510537543905293,0.9905862429529736,469.8969162859604,3.260103984884888,-14.358885030535951,14.724328755919972
61,1350,3410,1.8303557198321283,1.1958378754177277,638.1436191990161,13.260475092011298,6.218773075319172,14.64627386839966
62,1407,9672,2.4983744428966568,0.916095238157575,412.9176057282694,-6.308259472064989,12.456922492227216,13.963132010557445
63,1421,9637,3.156421849681913,0.992666249261854,697.9041463701406,-12.1053435054336,6.783601176178368,13.876476004446948
64,1426,9719,3.297318151504805,1.4319441796232,481.9192866617374,13.326047770034029,3.648992785480207,13.816609479815062
65,1437,9669,2.931560217907723,1.1090198046419295,335.48979458030874,-10.715791161378052,-8.580361340518815,13.72773764857625
66,1450,9781,1.9062397579131412,1.0621982295542785,717.2522520477012,-13.626199106825364,-0.051692125504512,13.626297155672466
67,1451,9808,1.2177427421858418,1.1934028502222271,679.8365508711545,8.98834022740099,-10.216448319980971,13.607574226082946
68,1460,9827,0.6029969505865655,1.1294729727812989,328.2702378462336,11.29132820108792,-7.458777336224167,13.532459196171798
69,1467,9824,1.152439954821846,1.1278384745910857,956.0225679369526,6.045880095201305,-11.959584389643602,13.400907614731112
70,1479,9779,1.7561643496996635,1.2124623725359045,707.5441107361482,-6.464135781803531,11.635813886695098,13.310793222471728
71,1490,9873,0.8872571967298988,0.8316787269888251,448.079394712316,4.841382520279771,12.304052984928148,13.222280611286
72,1491,9769,1.7229229980835914,1.3044892317477164,384.6642914872302,-10.008848364085502,-8.63801632519438,13.220906610727637
73,1500,9618,2.5435877361959465,0.7528153711172683,1020.321954770296,6.271537044928907,11.534045461691992,13.128837786273897
74,1510,9812,1.5463968876297365,1.091390750397553,453.8278029710955,-6.21209894133666,11.495342083181296,13.06648624789063
75,1516,9804,1.179428428423965,1.2161082636981762,367.6516227638908,-8.754524258117273,9.60838277721194,12.998565866255664
76,1522,9819,1.3238746310613267,1.132332624499048,381.6409611914781,-11.12469304813236,6.66389455531471,12.967894434314212
77,1524,9650,2.722748148521543,0.956379859818519,438.703372561912,12.93466541422656,0.2732138143538812,12.937550586039944
78,1547,9695,2.8781732200740646,1.2472535709787684,901.31474869894,0.1516515212919011,-12.742756085183904,12.743658455498622
79,1552,9698,2.3931103439215167,0.9768418660579674,563.281019652075,11.822465257945328,4.680527740998774,12.715267386476125
80,1577,9771,1.7673979209701245,1.258962715640406,555.6309241729056,11.340906130341374,5.098573811277133,12.43429156672207
81,1611,9622,3.1176693135511155,0.9454955881179958,848.4763185876396,10.622889780248896,-5.9067635668857,12.154655203600171
82,1631,8427,1.690767474821594,0.9144108446132794,230.646595515988,-9.124505674674136,7.743178279088042,11.96718069007489
83,1656,9820,1.2383408542204084,1.1466173556741124,311.1400827068221,2.5361426345846416,-11.456178042264517,11.733543147703578
84,1658,9865,1.57705947004368,0.8020922829639455,366.32334879471,5.142567153183031,-10.53513362198029,11.723269055940692
85,1665,9895,1.4350390270670172,0.711961856066722,343.9556621871492,-11.027401263978536,3.89669119428785,11.695630846621135
86,1791,9763,2.007510717125352,1.1114767381146016,366.1594225704181,9.208176139540454,5.229080550660926,10.589324398756633
87,1809,9857,1.4304983205820268,0.861946851789253,533.9137972398759,6.597935781372739,-8.056286542447037,10.4132852370965
88,1825,9832,0.6869740074424758,1.0954938676031425,388.8279444668984,-8.854192122760022,5.277687688071793,10.30779828477305
89,1835,9619,3.381214131467104,0.9341723825554245,333.629524695677,10.087074979192122,-1.5600655358506816,10.207001817967548
90,1860,9634,3.3225829280302195,0.997240003325038,428.0968555426061,9.245092845303356,3.908699978531928,10.037413872131348
91,1864,9795,1.3974089040878228,1.2351288731773906,338.0729826070799,4.117798157932425,-9.136129704602835,10.02123383864472
92,1897,9846,0.8752997790110606,0.9951614081513118,310.805474611888,-2.176277887044,-9.551476847442483,9.796269463875854
93,1907,9627,2.889265732722865,0.9203041186631432,322.53687784616864,9.2200035715664,3.0504258965135005,9.711517080756094
94,1915,9756,2.0562811103747034,1.0642575924178417,404.00295389738767,-4.854037182784358,-8.369858553084754,9.675546970094205
95,1927,3523,1.6566280409766294,1.1555850495523337,162.0926060941485,-9.39016921273964,2.009444335386011,9.602767537585107
96,1937,9711,2.3780289444486926,1.0782468424084073,396.7766956064201,-3.100405863959424,-9.021374580391646,9.539272290956502
97,1955,9748,2.134689848024203,1.1188433232333546,361.0479893950357,-8.068036020009725,-4.858263358581506,9.417851563998552
98,1980,9783,0.6292743905517081,1.3739293426269716,389.893143946621,8.162863502990788,-4.249985185688164,9.20297314170958
99,1981,9841,1.244988718630757,1.0208916615605,389.2159229869264,-0.1805575159203715,9.199597171416633,9.201368872776062
100,1982,9752,1.897237538741984,1.4738791675634657,481.7323916756773,6.750017179086889,-6.213767413839844,9.174619195981162
101,1990,9772,1.89654096736108,1.151509886329955,307.55062666974186,6.3330464974129885,-6.589341968082286,9.139305526719491
102,2005,2996,3.235017031897151,1.3727274491864552,366.0162409973733,-3.32643649365689,8.423066950659956,9.05611597770437
103,2011,2957,2.482466417135874,1.0926219007597509,1173.538641181305,-8.94002883988694,1.0700325476706014,9.0038372548089
104,2087,9718,2.2920687730941425,1.0117724944673958,305.2158478202208,4.165689612990156,-7.286224380559713,8.392975376803918
105,2149,9686,2.463458323407492,0.9538697851436484,363.834183622854,7.799901009295232,1.813951713435828,8.008050734946774
106,2199,9755,1.768103670282548,1.4071550136647544,479.30853760565753,5.793500395108986,-5.0503785290688485,7.685764120437708
107,2223,9713,3.8183313623424486,1.4063549641027075,348.4525077910004,-6.619655923655916,3.668962861490989,7.56843002389485
108,2253,9726,2.4517562439137075,1.25492631751465,619.9442304602111,6.965762610339031,2.420989508751642,7.374485673257678
109,2259,9753,2.0807650753270317,1.1621016821980563,459.3660703890802,0.5775905692282084,-7.334910968423311,7.357617126513037
110,2275,9712,2.64435436807334,1.280737590620188,432.0112665423569,7.165328614705564,1.233512888561222,7.270728175565705
111,2277,9691,2.357139046011224,0.8950051824356556,323.1642998899143,-5.664039179674325,4.548544551938854,7.264337366192352
112,2302,9858,1.3340184734048697,0.881466586987551,431.40648063248,1.43996844743715,-6.984868386936207,7.131752625577767
113,2306,9673,2.904737438229549,1.1106578388835244,314.60855829596727,2.1505168359643285,-6.7793980787347285,7.1123105227287535
114,2307,9811,0.9313336329476498,1.214893099611181,354.20322628530306,6.996007784533257,-1.2722100183767877,7.110741399608636
115,2310,3661,1.5481288290993385,1.0539552385869195,489.37367418700313,-6.954647473570979,1.3070998318387783,7.076413742287838
116,2347,9789,0.8951130686761378,1.3362338231073785,303.7134614218483,-6.765333374219425,0.9553611559653972,6.83245567879183
117,2349,8420,2.141720376341503,0.8282572325005475,131.80471856179523,-4.361582825462061,-5.252866968098593,6.827592264327661
118,2370,9828,1.817892940952604,0.8602461775549655,458.463760078542,-6.708676295293559,0.5729436361971494,6.733097507484391
119,2400,9725,2.848640935892347,1.3963520769607891,390.39640577223855,6.457537746837591,-0.286221643925828,6.463877828462101
120,2417,9842,1.3666785230742773,0.9776756747946752,378.5964836983062,2.287005234723228,-5.9481463519093865,6.3726633339118415
121,2449,9704,2.53420788714916,1.158029307075235,546.6405340384165,-5.798438452402794,-2.1949409152757515,6.199972105409416
122,2462,9815,1.1109518062564945,1.1836570463814706,378.1266980225372,5.395113773480356,2.9081491151764816,6.128995342215492
123,2496,9810,0.6625937831229348,1.2274434805714145,425.2217300594424,-1.523062047019215,-5.6884102198734405,5.888779910017946
124,2516,9623,3.3586311122622488,0.9597250729054329,313.722943553419,-4.2796691466766665,3.928511374509231,5.809369124497477
125,2571,9689,3.443129448465599,1.2569446776970552,431.4063247626194,-1.5911664884712318,-5.212271151961311,5.449732227880739
126,2583,9780,1.9604208961102143,1.0030566905872031,820.9148975090171,-2.309197221429842,4.857742167049747,5.378666263023993
127,2604,9699,2.495208683876885,1.0770134963778604,303.3301092242456,-0.8796670319294269,5.220846248859309,5.29443572454061
128,2696,9884,1.3305997765655582,0.7770851391964756,445.5871940119764,-1.543524297402496,4.476067179154387,4.734727515810702
129,2713,9835,1.0799224746714915,1.0712553375764289,460.719622526583,0.5220596870911882,4.580286145555769,4.60994224389589
130,2714,3154,3.4628919022523856,1.5093899638784505,261.8381353838904,-3.399884094329044,-3.1007920163485987,4.601534850843013
131,2726,9859,1.1097287427845437,0.9059815969008248,308.47945478896395,-1.5544975301704658,-4.274169042314076,4.548074710642086
132,2752,9720,2.393478613532162,1.1820318467830335,537.8189013184909,2.518071833051736,-3.648047400699775,4.432711990887849
133,2756,2978,2.6502663831695,1.222991708746237,578.2575586200511,3.6057561245170415,-2.5099201259182675,4.393310399685154
134,2795,3515,1.8950725854450972,0.9739226964044398,62.32749132217332,3.4938637477672234,-2.3643122687740763,4.218655756545875
135,2808,7432,3.252070656113731,1.098774893019725,352.197301099305,-3.4102393310949486,-2.3391374774120552,4.135371377951508
136,2828,9724,3.382680064506099,1.444729991781038,340.06945335448484,-3.992324292518846,0.5541793917935774,4.0306039317855085
137,2830,3409,1.8292285198956648,1.1966494253321391,677.4378611201764,-0.8039992315655836,-3.945449749997522,4.026535544871491
138,2845,9878,0.96278691167552,0.8093978576178844,176.28699525407583,3.946374903299148,-0.3083914849648407,3.9584062683595502
139,2852,9774,0.3926990816987241,1.41355447635604,125.40076945991892,3.897434989629685,-0.4880010148860206,3.9278676771143295
140,2937,5961,2.692925858244961,1.2306800527276782,1645.165004477807,2.52090099147991,2.4175496937029184,3.492776593251774
141,2987,3548,1.6703636471546794,1.117206847027398,156.58343454411678,-0.0005902203553347,-3.2489845211675554,3.2489845747781625
142,3041,7249,0.8680716542813902,0.8020922829639455,74.00727172621127,2.9388240133074905,-0.1895660359463231,2.944931554922312
143,3043,9664,3.571691647831253,1.149063941229734,391.4339888668041,-1.877415103281025,2.266051305108439,2.942732741417637
144,3051,8358,1.1462302784165008,1.2500809251044662,190.5004332610828,0.2613991218150601,2.8975032720758733,2.909270477727377
145,3058,9768,1.1748517981399846,1.4259489050009635,291.8724246447207,1.1363698676306435,2.63662256902129,2.871082556725131
146,3175,2783,3.040722207449288,1.116797679735106,76.41120765726457,1.0990149754987115,-2.2093235706340613,2.4675786828649806
147,3182,9872,1.540291478397792,0.7805420973497917,348.2067825671378,-2.3743684030004544,-0.5836212831313631,2.4450437859659746
148,3202,7350,2.4869118725405275,0.9901701642650343,215.24949115532675,2.283119442306614,-0.6658463080786068,2.378231631658358
149,3207,3008,2.504981098786271,1.1832507707944304,117.66644513393597,-0.2540894117102927,2.3510108592580328,2.364701564572679
150,3216,2994,2.5989703930649126,1.2233964868759102,1053.7395921730706,-1.1621523410929786,-2.038774429052984,2.346742260340537
151,3233,9777,0.6496503326867782,1.4091550230398144,357.3318904984047,2.243200490665572,-0.4970890325146118,2.2976174502228552
152,3282,3900,1.623127840390718,0.8171215508346744,78.73111156854759,1.787217696562421,-1.203672366640998,2.154756195285449
153,3296,2950,2.685695606467856,1.2096258476295794,130.44339871211298,1.3882570991240486,1.591709807728395,2.112060104563098
154,3297,9801,1.7017994987133642,1.060962347371496,52.65307069369307,2.097920607346891,-0.2183941704706053,2.1092574258317285
155,3329,9735,2.3172893180116665,1.1820318467830335,321.643889385653,1.5587271790954218,1.2943722547484318,2.026087350711541
156,3340,8504,3.4927416389023294,0.9425619476594064,204.1214976562334,0.84367944754993,1.809871268191107,1.9968547813103088
157,3347,9683,2.797158263496499,1.1392737145536882,358.3241812060326,-1.945266730215761,0.3327801617291167,1.973526105154116
158,3354,7343,1.9909319843349715,0.804671947893658,198.64826024844368,-1.3616003228115003,-1.3663675486590037,1.9289675261934287
159,3355,7326,2.717683900574308,0.9855915867785844,24.421774774033555,-0.2515755649753617,-1.9106144018345128,1.9271060316936703
160,3382,5959,2.619264748806053,1.157214624244182,84.33171191139611,1.430457693703843,1.201390983379991,1.8680335940296309
161,3383,2975,2.4452536081453835,1.0807129615442064,516.1769157653231,-1.1344318781405351,-1.4800999174695837,1.8648408650163504
162,3387,9775,0.98752269074238,1.4079550369832146,150.67457662271303,0.3583080897513184,1.8190955581273704,1.854047824836233
163,3389,5932,2.7961138295677253,0.9089332202823072,67.88279460733912,-1.5781500672516908,0.9711884904392644,1.853042017529072
164,3397,3067,2.4141826282064893,1.201517421091918,293.1672735275561,0.8174405433474866,1.6443406806191074,1.8363184135239567
165,3416,5951,2.4697794097665797,0.8789244546240242,75.649360019257,0.3557243449684922,1.7693948821738734,1.8047986199757464
166,3428,5934,2.7506009592028025,1.0134314067659491,101.24868157677588,-1.617111524742631,0.7509745425964526,1.7829785324235927
167,3433,8428,1.6892482605840935,0.9000738277459134,38.53663874682873,1.387659029024304,1.105046405467909,1.7739011074663156
168,3457,2961,2.3821900632062043,0.9968243353318424,36.70052801459351,-1.2146775711976574,-1.2350646720531897,1.7322893367230812
169,3480,8364,1.3559564704395408,1.481861386786809,69.46298201863951,0.3943983869323408,-1.6503981696437569,1.6968689418980758
170,3484,3470,1.5697996286179965,1.2553300154363385,26.88833680169251,-1.2922099170541927,-1.0918108424444175,1.6917025109079886
171,3496,3429,1.2569462733112706,1.367919153261963,77.98216518683797,-1.4725686795289894,-0.792925273607246,1.672479896876156
172,3497,3656,1.7459570682720256,0.951358706293952,55.60945932261299,0.5370059489808493,-1.5829414116798508,1.6715498503041486
173,3502,7324,3.0434856366298635,0.9847587795592968,39.57239596692151,1.5848615523355505,0.5013197923618089,1.6622598095018533
174,3507,2736,3.369412852554384,1.1090198046419295,171.65015901896376,-0.6327246839879077,1.5249375730556955,1.6509921645618408
175,3517,3004,2.448849757394993,1.1347830294063874,234.0296062713749,1.092412674762138,1.2303220767079563,1.6453139106006327
176,3537,3806,1.2157609087851895,0.997655645842762,70.07435521110372,-0.3126385379718842,1.5983853837909192,1.6286739055261006
177,3539,7364,2.371519332404978,1.3249897850054266,33.205413617475195,1.2507540977742422,1.0351341989343743,1.6235419991187685
178,3555,7342,1.6906871754701982,0.8640719424699477,254.5814511190301,-0.0849923133222826,1.5914639689625518,1.5937318650983645
179,3600,5949,1.8519002638929056,0.8525864764733947,50.66443715585076,1.4026636354816115,0.5939190868190198,1.5232219654372208
180,3617,3403,1.22955436614635,1.3971524656012642,142.09921369339668,-0.0843032456522684,1.50328856552826,1.5056505399579014
181,3618,5867,0.8435386783649685,0.9354315528364088,84.84153651254572,0.4183217685986853,-1.445848302211379,1.5051479711613271
182,3619,8408,2.76125583367261,0.9664102195760652,48.32253899143762,1.4903240858623923,0.1153828931811826,1.4947839619625425
183,3621,3642,1.562763143376984,1.058489985310365,26.099543632452043,0.4735442285755445,-1.4154355654320834,1.4925488187350018
184,3622,7349,2.49400963961869,0.9257712048073624,149.4857975192327,-1.4656230103427528,0.2672156802100829,1.489783550787258
185,3632,3383,1.6754254938910964,1.339846379726393,32.33232182214693,-1.4731669153072926,-0.0450977859921945,1.4738570387447358
186,3646,3840,0.8098587697050195,0.9730884074289652,61.05268909986382,-1.44955100000096,0.1531741303864671,1.457621492645959
187,3649,2613,2.9639308786882843,0.9492653697789676,67.07233651360845,0.3349573430060258,1.415796058767674,1.4548796863162723
188,3654,3110,3.044402914306497,1.451520323338911,79.60554657399109,1.2458208725201196,-0.7407004310589338,1.449381514639152
189,3672,3970,0.726660170440812,0.8517347207694707,52.29584503187243,1.370587047986833,0.4037497088144348,1.428818632114308
190,3747,2885,2.711819323114746,1.132332624499048,192.0443369806113,-0.8362986087651153,-1.0469312887886604,1.3399479417004054
191,3764,8520,3.354787935637201,1.286377174749549,26.07042060788378,-1.313707986324109,-0.161784904087291,1.3236325126417374
192,3770,7252,1.2664264081716734,1.0067933816249444,114.58195015365446,-0.479522978881171,1.2194832473266872,1.3103746326091308
193,3774,5969,1.813134049309588,1.176748146022953,178.78064097199734,0.6866683104575102,1.108896558385403,1.3042871408495762
194,3832,5933,2.8085284040835026,0.9270321295038136,45.97996567275517,0.6924540568099593,-1.0297830354884467,1.2409454947629126
195,3845,3953,1.6700256599709424,0.770163689031822,101.1792610336718,0.0392612243155453,1.2271156632980165,1.227743578621402
196,3855,3833,1.48427346156365,0.9034504368372795,34.28506050904649,-0.3401074591670668,-1.1735179508719606,1.2218090950716496
197,3861,2790,2.708893739777519,1.0279302550546667,35.31620633751902,-0.3074781907023818,1.177895809076741,1.2173665737148205
198,3875,3465,1.3772209552824957,1.316149720461265,18.796556632597547,-0.4779863270641153,-1.10532705611945,1.204250318600719
199,3902,5833,1.058166430140227,0.7588946250621496,127.92654156206366,-1.1052114496747962,0.4253565827571219,1.184238392802345
200,3907,3263,2.116392447403538,1.232298001047788,45.44589192373351,-0.5257426609245567,-1.058835896398465,1.182175452721792
201,3924,3754,1.3330636988606914,1.0308264915469283,56.701558601578455,-1.1139616602788316,0.3506157437933068,1.1678364527479457
202,3938,3390,1.7833158298318534,1.2646115263521025,20.98817801839608,0.7348267006167339,-0.8915981464727893,1.155386314066853
203,3949,3068,3.339161756804679,1.4423330607625766,45.004821164641086,-0.5151547731342817,-1.0188348186848095,1.1416693164167733
204,3950,2866,2.5103227310260827,0.9897540597151396,218.7484533185404,-0.0384469086060348,-1.1404751030945257,1.1411229668882443
205,3960,8505,3.3027390728758714,0.9446575473633212,41.02582059494208,-0.7706848137687092,0.8280049075254298,1.1311707249835925
206,3962,3988,1.4056989082541598,0.8274015031420827,98.20965525842364,1.070633517608813,-0.3604089081500968,1.1296684071449312
207,3964,3006,3.067583980500418,1.3631096803926368,45.98475770107725,-0.2372145468632635,1.1041829528518663,1.1293762590971226
208,4009,3838,1.149915620856224,0.9672453716432816,58.66424309829991,0.3344314409067795,-1.0265015380711404,1.0796063154360491
209,4019,8421,2.0951388506539885,0.8538638548250623,237.69671320822096,0.908715048209705,-0.563796452222636,1.0694061335066287
210,4032,5977,2.14785413768806,1.3615062562680096,73.39647783345342,-0.8096259539088396,0.6846182737062272,1.0602812673697923
211,4041,3022,3.3242871903992715,1.4043547245246146,28.998545423763392,0.0141588252889005,-1.0524756889505225,1.0525709231046805
212,4056,7328,2.8721993749190227,1.0138460732822794,23.77764092998196,-1.0200256145566156,0.1991129734611677,1.0392777446631625
213,4063,2826,3.5136685887660457,1.2043560617576756,72.91109139699195,-0.9891314031154376,0.3031835457893266,1.0345536211654296
214,4125,7362,1.8403138569230304,1.2310845608365104,83.29942693404399,0.9799070005314215,-0.0819439731398316,0.9833272824570816
215,4128,2903,2.4283068964124697,0.9622328245153507,39.80325668965916,-0.3536481286814494,-0.9134795167816024,0.9795467454386446
216,4131,3630,1.4249869816619174,1.1225242712751344,38.544206980338615,-0.9754589505643118,-0.00226878553318,0.975461589004828
217,4137,4078,1.0533817887036645,0.7917600939184836,55.46097897912093,0.6999720962560373,-0.6707129858393627,0.969441511856504
218,4152,4137,1.6033934185374663,0.6995588420304529,57.84974368291119,0.7870734191001246,0.5464286175666887,0.9581590688136302
219,4163,3492,1.218889242729993,1.3129339201979706,50.50558821458991,0.0304716765081972,-0.948489933751781,0.948979281911717
220,4173,8433,2.6702009543522194,1.158029307075235,36.27546634160684,0.7960062237692391,0.5046575971040991,0.9424994422248998
221,4179,3539,1.3070060691265522,1.25492631751465,40.209730256006594,-0.5251339893064148,-0.7807825909671244,0.9409501374048498
222,4188,3252,1.8933705724759915,1.5484697846958972,94.14226556048312,0.8745603363279386,-0.3331751394905701,0.9358747007225904
223,4204,2918,2.527070802937962,1.0708438792500183,51.05102573716348,-0.8599745363007564,0.3477703470811376,0.9276316172892318
224,4205,8326,1.4783707760548734,0.8397957220011427,344.54943138432856,-0.8264015116309607,-0.4208192789851028,0.9273771206965796
225,4218,7353,2.566981497280631,1.2440215098514036,114.22288543134408,-0.8486215424741712,-0.356575922394712,0.9204916679595102
226,4223,3131,2.408475154624248,1.3065002993613657,153.3467743039252,-0.6598089822326627,0.6369410659057065,0.9170833192638496
227,4275,3813,1.5750699564627182,0.8988070875035962,67.14779033991641,0.0175776251342766,0.8913025312596742,0.8914758410272617
228,4290,4068,0.84114922473706,0.7809740417002661,26.79184858837789,-0.6431521132458581,0.6023340328846634,0.8811645294402832
229,4313,2872,2.499638738090629,0.9885055906652876,32.71755624038938,-0.8575847081754223,0.11846287020347,0.8657280076982427
230,4315,2828,2.403958233921622,0.8610965816529864,38.39655472046094,0.333782846178515,-0.7981934291964535,0.8651726641633011
231,4317,3180,2.492785475131032,1.4698874864681826,173.4764822888266,0.8602311560220839,-0.0781929349291737,0.8637776200295588
232,4378,3141,3.015496618181946,1.4838567151399658,57.192799105713696,-0.8332485032755987,-0.026190546957566,0.8336600104124954
233,4401,2836,2.60958657875672,1.030412814684442,251.67441430415184,-0.7137224679524904,-0.4047024396865498,0.8204778034465279
234,4436,3165,2.5291261958945355,1.4403354772415986,18.67645748668637,-0.7260448509232849,0.3394454372874376,0.8014763442843928
235,4454,3658,0.8843776450551185,1.1791871210604996,34.2744087030226,0.4352008576144275,-0.6611395828902744,0.7915208996183608
236,4481,3639,0.685758097891802,1.194620433356172,26.017616725244896,0.696225550985252,-0.3544691220256213,0.7812671606527005
237,4496,5976,2.980351971038,1.3899479484457455,170.74350668537303,-0.6515837341974832,-0.4187350655720332,0.7745323865471032
238,4554,3340,1.6433265001957165,1.4195525066067505,16.965239465083407,-0.0657629508808159,-0.7500964277836327,0.7529737157977822
239,4563,4103,1.3115193468903636,0.7627985226876793,34.735636417743905,-0.7435366456602389,-0.0921812615535623,0.7492290226768353
240,4570,2616,2.725410678314058,0.8840075598906321,14.630129762830562,-0.5482299095605166,-0.5036024946575172,0.7444269650959771
241,4630,8438,2.158709980898767,1.1539551951329248,69.20041272189688,0.6023086129138823,0.3925576973792252,0.7189417298793583
242,4635,7321,2.554973097526441,0.7766528435473751,85.68329189399253,0.5876917050547962,0.4118773767659868,0.7176520840085704
243,4636,2566,2.8129156954286336,0.8615217334527769,26.835398445028005,-0.2056586116260022,-0.6861982676897995,0.7163543307026324
244,4674,3348,1.7122020698794698,1.3867451909356232,97.22810941531114,0.6689161598413401,0.2059461797716745,0.699901891595838
245,4694,3809,1.5985273211937292,0.8916235785449225,145.89325482796278,0.1553155726313088,-0.6770698716424092,0.6946556975852568
246,4712,2814,2.7832385410825418,1.0827674799363287,17.890699024193673,0.0321013207692135,-0.6859825818781222,0.6867332796911059
247,4759,8442,1.8090825165660829,1.2047615207783982,27.1010896362492,0.6639586851087567,-0.0826830483139759,0.6690871557651068
248,4790,3478,1.687121054777082,1.1889371636850437,18.10074022051932,-0.5449144935249043,0.3628234966000106,0.6546546379111362
249,4800,8353,1.0299425915461993,1.038268647199952,92.56678017457858,-0.1569576903636299,-0.6321456541161742,0.6513400376011372
250,4803,8409,2.82388421285686,1.0167480519290255,52.40086788614667,0.644004157298665,-0.0917229666480707,0.6505032338341499
251,4832,3542,1.8725461951089737,0.9714195075958448,130.68089281888408,0.4609542130628002,-0.4437096876121938,0.6398101854622635
252,4839,2888,2.3842784245198905,0.9004960123332894,29.82538195995611,-0.6307734731541912,-0.0950908739799137,0.6379008141939192
253,4862,2819,2.5913172010899648,0.995577178272938,41.31490055167198,-0.6221176641526963,-0.0953320283610603,0.6293795227700383
254,4864,8329,1.5246317019234434,1.0423999097420782,32.33176411785725,-0.5789005870693046,0.2457872144797736,0.628917518050588
255,4912,2871,2.4767415273357867,0.9668278091892284,98.86858762099212,0.4430291968800617,-0.4181749798253483,0.609216860436514
256,4935,2681,3.009645762139022,1.0155044937803657,32.54983403249149,0.5727120347879106,-0.1735917427029502,0.5984422845400851
257,4963,5882,1.0932889927105325,1.4007538713710646,49.46497212869195,0.5869859277453867,-0.0468681772232061,0.5888540612132501
258,4976,8517,3.308781371540735,1.1653583446118534,19.11557968815196,0.4639252417014954,-0.3565854470198336,0.5851323020600773
259,4988,8404,2.4011322201599308,0.7766528435473751,401.2377129354642,0.2359647246256833,0.5296080441722423,0.5797965433836444
260,4992,4136,1.5408837014311263,0.7136830069156215,211.36462877944228,0.5060867817306328,-0.2767543634579907,0.5768160957666723
261,4993,2766,3.5272858361783994,1.1429462673679935,63.76068641789595,-0.0773068726013045,-0.5714907795979988,0.5766958155881857
262,5015,2731,2.453674501762632,0.8209789670012365,26.19226193389924,-0.519633331137341,-0.2327290494077636,0.5693694839619794
263,5027,8429,1.8385703894193377,0.9860079512060284,37.78002903269044,0.445500664264123,-0.3472818184146959,0.5648676865082589
264,5046,3316,1.605353845984384,1.4710850323134943,15.886152320217564,0.1692481740752457,-0.5339431331564037,0.5601251769673291
265,5049,2767,3.249250727505359,1.133966301856578,25.250245421362315,0.2504065593651667,-0.4993808778252918,0.5586454207372148
266,5068,4160,1.6720390587953489,0.6713841422289109,22.26297264412145,-0.5029583045104887,0.2241465491329319,0.5506439244777586
267,5080,5968,2.104229191071945,1.1755284360621705,26.77460144602049,-0.3756236298479716,-0.3989398757824837,0.5479472016440174
268,5088,2802,3.17610722131722,1.159658464472549,27.06151741993421,-0.3474834106170744,0.4211223489188274,0.5459750483428569
269,5116,7346,1.8372908255660536,1.0076234823003745,21.788533135003696,0.3897731128355575,0.3724789403619513,0.5391323033381346
270,5119,2963,2.423462388446293,1.0481798059104774,26.53319494319009,0.524886197466712,-0.1222389615049735,0.5389321701298583
271,5154,4061,0.8381671025007144,0.7852913518731983,27.24416700651044,-0.1144728380820551,0.5122789297402062,0.5249130713883314
272,5218,2955,2.5768722180542625,1.1592512011085492,56.107940395504194,-0.4468981448167252,-0.2425527074983071,0.5084778930842422
273,5224,5956,2.36436862545754,1.1069718181026336,53.45485648662957,0.4887552879753156,-0.1308782835060628,0.5059751541502083
274,5228,2898,2.523427559204729,1.0403345682215643,74.10027787265538,-0.4957292547721314,-0.0927123562468943,0.5043243748201982
275,5237,2759,2.508884858462836,0.8869705704261971,46.98587058154632,0.3419537566091972,0.365213193070786,0.5003129501143272
276,5239,5965,1.9351956366141172,1.073312305735408,20.234312514590776,-0.0092150972237252,-0.4999556318250298,0.5000405501660914
277,5261,7246,1.5585014275557378,0.9228280126773316,209.6867756060689,0.4164371333439027,0.2663672985042684,0.4943393811342056
278,5263,2689,3.645745813987999,1.055192256206502,20.87448167686783,0.4917981229995902,-0.0474817540647238,0.4940849226145066
279,5271,7356,2.855888167051988,1.2992591827774411,41.74382226890478,0.4160740928296845,-0.2635824854520325,0.492537691310133
280,5272,2929,2.630782928544901,1.151509886329955,58.85283423903056,-0.4858357242961634,0.0785155105142226,0.492139244923311
281,5278,3134,3.2706486898288105,1.4858519569083632,25.035753992060418,0.4799647509463903,0.1007116937933003,0.4904171769195548
282,5295,2703,3.665822271086404,1.0691978296018223,39.998027121819845,-0.4803716117239412,-0.0644312162393863,0.4846733611168902
283,5361,5973,2.35072514365058,1.2835576701517917,40.42096061611164,-0.4691659574939927,-0.006623362345257,0.4692127072021937
284,5365,3589,1.1375663765722217,1.2213724521220612,90.64911902632886,0.1312416363889317,-0.4498024267791699,0.4685579902834601
285,5374,3751,1.5805944654058954,0.9538697851436484,22.57126514243692,0.3745334096297769,-0.2786976088754346,0.4668486179928039
286,5402,3341,1.957951421457874,1.2302755305696318,34.87870633673549,-0.4557457033116928,0.0755530592867834,0.4619658113482661
287,5406,3486,2.008005689668853,0.8406494069553235,55.78389916458651,0.0202961347957808,-0.4604068620735478,0.460854002621285
288,5408,4057,0.7931300624153507,0.7809740417002661,40.38360025418356,-0.3935553617107151,-0.2389846547396221,0.460434021258495
289,5416,3468,1.846247154496104,1.0922115378552322,27.954203666785627,-0.3676621517939968,-0.27395806547753,0.4585067932997096
290,5429,8410,3.0983922135832604,1.1249773781057535,84.15608825664454,-0.4515470225239458,-0.0517551346050266,0.454503363582961
291,5450,2678,3.221637064112292,1.04446467444953,28.25524375054487,0.4493319564970917,-0.0426887667874837,0.4513552236756993
292,5482,3202,2.177218114059204,1.0885173448446277,15.392214045465808,-0.4395389374500236,0.0529007761622473,0.4427109323850767
293,5491,5955,2.282212493303771,1.0922115378552322,26.225674859898284,-0.0744030840246049,0.4338291669641186,0.4401631118360029
294,5510,2976,3.2445263446634263,1.3482727568822053,27.64965134331814,0.2384335406670718,0.3664501817875844,0.4371913643328169
295,5539,6099,3.2130866816563155,1.2674350059252788,28.58266744234304,0.4217486255456826,0.0916676696594125,0.4315957191753176
296,5555,3495,1.4553867137078853,1.262997833638546,16.417557801546433,-0.1621385308291439,0.3952467600640444,0.4272106090917659
297,5562,3461,0.5515899051114155,1.3803382473129142,32.20957772272783,0.4158309930042511,0.0912878273843874,0.4257333463230984
298,5578,3633,1.54831968270748,1.0782468424084073,48.82910857513823,0.3357112060097759,0.2571223363895711,0.4228639375862761
299,5607,6069,3.591401712543872,0.98684060181129,24.05765387892533,-0.1559667131142,0.3878310766487728,0.4180174154436552
300,5611,4069,1.5950275140103911,0.7323472818932876,18.74312618751902,0.343842081487451,0.2353455613714997,0.4166712256190596
301,5642,3886,1.2255175115654524,0.9257712048073624,40.482993009167984,0.3435965711669828,-0.2268263813638501,0.4117144775209225
302,5745,7322,2.5298131517710374,0.7900359388892827,28.41041921137258,-0.3480831484949266,-0.1759086316024352,0.3900073395955292
303,5769,2648,2.447214823905916,0.7610638603016905,122.51491945814364,-0.3646454846648708,-0.1207311132494683,0.3841123939590266
304,5774,8447,2.090690394075283,1.316551648782965,29.320719869466046,-0.196318241489707,-0.3288201620325234,0.3829667751916684
305,5793,5935,3.107318081928066,1.1380492023912618,21.51894808005144,-0.377965544892766,-0.0015373865812165,0.3779686715636438
306,5794,8349,0.8236095138848981,0.9547065880221244,19.0517762540399,0.2048236282654991,-0.3173729948273767,0.3777278604253881
307,5839,3197,2.2400347618243197,1.3330220164815336,23.471747847020044,-0.0230941192675672,0.3692143204458902,0.3699358765611482
308,5840,5835,0.9334994196363904,0.80596127741752,20.919101362589814,-0.3137824354641959,-0.19526209039739,0.3695763801329852
309,5844,5958,3.08556299737746,1.2508886215856103,41.307564978702565,0.3674771607967212,0.0177353672484103,0.3679048884680051
310,5859,3535,1.2774300403358234,1.265418297310943,138.01245349450306,0.1242468070747391,-0.3417542146727259,0.3636388487425939
311,5875,3071,2.281064423053516,1.0221342714855743,26.306650399011826,0.2501193741687934,0.2598571780058458,0.3606736118650084
312,5888,5871,0.681009799907914,0.9959929228284524,23.91027798589423,-0.1264395761247046,0.335104904269307,0.3581651340875272
313,5923,8441,1.784391382872298,1.191779185732598,39.26118450564293,-0.1194775882622309,-0.3316770125730782,0.3525401179530651
314,5932,3829,1.8342872613342989,0.7454226296491436,35.76307288243913,0.2067078663712847,-0.2837754328456411,0.3510792479006697
315,5944,5972,2.2864000067212653,1.196243658175257,24.069423718468173,-0.32140991709507,-0.1356447387254361,0.348860760119208
316,5957,8446,2.553557884092564,1.338642278871778,88.90526280650428,-0.2373806067969451,0.2528183712833614,0.3467948692550935
317,5962,3521,0.8462913754330099,1.3181592590051734,24.37079773147032,-0.3448763463447961,0.0213464474406278,0.345536344089115
318,5982,2954,2.700872084186196,1.2201578578355226,20.53473040415449,0.2102805350212146,0.2691558095483295,0.3415592967881637
319,5985,3358,1.8494120256351592,1.2968446859260498,165.1307619611875,-0.2315920921007296,0.2508624239680007,0.3414188818485201
320,6001,3346,0.6021385919380436,1.4870490612394067,33.6272717038358,0.3277936580158831,-0.0857739324528107,0.3388301192690122
321,6002,3748,0.8082295053566765,1.086053617735455,33.05554149659908,-0.2876944898900268,0.1783823507902316,0.3385090583522573
322,6016,3297,1.3671745807288918,1.5169680323120505,25.13094513626305,0.336524108032509,-0.009880498273728,0.3366691247103199
323,6017,6098,3.486629049910836,1.2674350059252788,40.06405515926129,0.335215674233912,0.0291920640613724,0.3364843604928162
324,6023,2995,2.324631268622454,0.9664102195760652,25.542942559923816,-0.1947992957139925,-0.2721044566796587,0.334645485485162
325,6026,2680,2.621885069843444,0.8869705704261971,33.10773574453088,-0.0670537236012024,0.3273476950137498,0.3341447519857246
326,6064,2945,2.5072837978967693,1.0959040668977666,56.29308673856668,0.1686808230151079,0.2798553375807628,0.3267602026341288
327,6102,2711,3.145976853863942,1.0654929465950207,34.402610530692826,-0.262500356339736,-0.1861764440047264,0.3218199890944212
328,6113,3155,4.0283325154901375,1.50899109469435,95.44894367601482,0.1240503296773361,-0.296200714426548,0.321128241548222
329,6117,2837,3.2630279647268847,1.2104363580094477,18.24664298167326,0.305429430234808,-0.0968718637250286,0.3204236177860802
330,6121,2882,2.383390366895063,0.8899320195249443,45.091542116401904,-0.2893161308488133,0.1368735542390974,0.3200596716541633
331,6136,2726,3.61203755180006,1.0930322431418684,19.193018551637127,-0.1585628755288679,-0.2762419696253791,0.3185150095026797
332,6142,2809,2.6411769771270563,1.009698298401592,11.785986347683515,-0.3074863564598408,-0.0793933828419119,0.3175707301500418
333,6145,2597,3.333166124526603,0.9718367728477306,77.96992914421982,0.0117179106643098,-0.3165990343657962,0.3168158108297175
334,6180,3477,1.6237546029554102,1.2201578578355226,29.90721354769332,-0.1942715684997737,-0.2430708900649474,0.3111669968430586
335,6182,2720,2.5062790321268062,0.8479001293991127,51.039428404227465,-0.2927628157471213,-0.103868409723273,0.3106424195479823
336,6185,3649,0.6003609417739754,1.1808127765031953,18.830371907411763,-0.2908451884111125,-0.1084109580256145,0.3103930724773462
337,6207,3719,0.6551802387369339,1.107381454960639,66.60985060505422,0.0939607910010213,0.2931578793053852,0.3078476448575958
338,6210,7360,1.7927113083040074,1.116797679735106,26.57036708847376,0.275694584964653,0.136308037655911,0.3075506223509189
339,6212,8328,1.0972609428985405,0.8751090696129726,34.00467915446842,0.0282211292442636,-0.3062221900907964,0.3075198560090474
340,6222,2974,3.2413480553808824,1.3474704180197374,16.69756379227995,-0.2687530259569614,-0.1453864319748219,0.3055575290569564
341,6238,5967,2.036632318004625,1.09098032580365,22.391319422944413,-0.2786269812051174,0.1172768489434706,0.302302586746436
342,6242,7336,1.8077699105786096,0.7627985226876793,22.16568866637531,-0.0787811126050731,0.2910587462243774,0.3015321831198119
343,6244,5978,2.502723998288884,1.4103549507826931,25.899845599402003,0.1144569640506222,-0.2783967670886131,0.3010069044807393
344,6246,8516,3.6665914259142895,1.1958378754177277,14.118292415072997,-0.0588163224777465,-0.2951129035845883,0.300916908218752
345,6247,5874,1.2061181723321728,1.1828444790114825,17.067548725995064,0.3001254562738777,-0.0152786304840871,0.3005141029187692
346,6252,5952,2.5693425191087638,0.9943297911189588,21.265921123837654,-0.0082205956765798,-0.2993108119335834,0.2994236803153998
347,6253,7341,1.684218949846844,0.8218357725628087,27.94864608101497,0.1562414152317327,-0.2552617617487781,0.2992823864591846
348,6308,3000,3.290491055400559,1.3791367291000585,23.680626907906685,-0.1869788598192802,-0.2232373946567623,0.2911975762132252
349,6323,3672,1.0326104885333018,1.1600657105448229,30.30439219374559,-0.0243471643833913,-0.2888139658618092,0.28983838822754
350,6330,8354,0.9733890490941868,1.0691978296018223,22.62431361352528,0.0717164770723953,0.2803208039894342,0.2893492806850541
351,6336,3350,2.0140340729209347,1.1082006693113444,23.527305393036883,-0.2557480681600311,0.1343705749146714,0.2888988157997316
352,6346,8444,1.975021167704904,1.1881250142525537,103.44890568580834,-0.23264054885346,0.1685136815112782,0.2872603102193612
353,6359,8434,2.874052051145926,1.297247129873976,15.822121741091308,0.2693893606404769,0.0942977152007102,0.2854166896282682
354,6361,3274,2.1226482971945013,1.051480595951507,15.267418603287783,0.1600322204772428,-0.2361495138022745,0.2852663745693269
355,6368,3062,2.6977936913848177,1.346668043064133,105.94389937537308,0.257764130924722,0.1206052463080247,0.2845838586926472
356,6384,3678,0.7427383213506422,1.1568072567286416,21.47569202910098,0.1006664295775213,0.2633861880908104,0.281968108340099
357,6389,3320,2.0165628519664214,1.2298709943443569,16.737850255481174,0.1941075994859213,-0.2034397773199817,0.2811858872244313
358,6392,3440,1.5152869829156783,1.3048914668740206,19.808031569935896,0.1716379573397153,-0.2221874603097966,0.2807612080018666
359,6397,2853,3.050130687980475,1.195432077041046,30.583675563892395,-0.2150925737347562,0.1794803775149261,0.280139288905969
360,6404,3209,2.200775820396173,1.306098107407938,31.42717704624668,-0.2424881306197933,-0.1389729920727404,0.2794887940815015
361,6415,8440,1.8333657127934555,1.1612873452021095,237.1580845407653,-0.2367503444311714,-0.1461650561990759,0.2782354205379993
362,6416,3785,0.96576225775677,1.0457032575196286,16.77386425383797,0.2346769392364653,-0.1493680563044735,0.2781799454554048
363,6468,8357,0.970098055113353,1.199083701695381,357.6916167583026,-0.1852794767931017,-0.1984877218222634,0.2715250637324624
364,6480,3559,1.7601442561100953,1.0506555344809614,35.09308014662771,0.2697079135051057,-0.0151300463928158,0.2701319620317565
365,6489,5872,1.0364581026258897,1.0498303824308624,19.840793081227865,-0.2226663796942544,0.1505933253724863,0.2688097213511621
366,6495,7347,1.7002720072880324,1.0897489283170574,15.77507538167566,-0.2678381611419821,0.0136499699845545,0.2681857607042134
367,6508,2861,2.8567528941371405,1.1555850495523337,78.22163954757862,-0.129592538383846,0.2328186091191487,0.2664558701866851
368,6539,2784,2.891279497208984,1.084410716285583,28.3807258411726,-0.1711034721369828,-0.1981038961316337,0.26176621600173
369,6590,3104,2.829556085969726,1.4231506672016372,15.774071941190831,-0.2448983307675467,0.0674024505326561,0.2540044935636728
370,6604,2884,2.3905288361332167,0.901762379974516,18.278732539102144,-0.2018251343644723,-0.1514050257364382,0.2523031245931941
371,6626,2729,3.367436760661163,1.1020546244783829,15.029333394342595,-0.2221878641280211,0.1111870219761269,0.2484552290085514
372,6642,2890,2.4686281397127576,0.9889217729381216,15.091420876289629,-0.0810696720029843,-0.2334059917201619,0.2470842947043453
373,6655,7323,2.9261025183774527,0.9429811245903988,60.10365561016191,0.1174566600275666,0.2158158115796557,0.2457082243487524
374,6672,5834,1.0978441606617604,0.8615217334527769,21.66713500191048,-0.2291426468406623,-0.0821198698306178,0.2434132815237125
375,6680,6068,3.595132438086912,0.9672453716432816,46.390610591716026,-0.2384958727750028,-0.0434934274430346,0.242429287755116
376,6689,3026,2.4172319879095627,1.14172224651759,114.55212480965176,-0.1218659065980985,0.2085860858673534,0.2415770154804455
377,6695,5876,1.1715606406632872,1.258155538990377,56.291860739355336,-0.207789293996934,-0.1221159268124792,0.2410159544117673
378,6711,3654,0.9743420640720638,1.177154682992843,15.804104109075215,0.1237176967840795,0.2052794560351304,0.2396783752607575
379,6722,2615,2.988660337944746,0.9572163291179118,29.44669094358313,-0.1497111599948616,-0.1853968319232218,0.2382969087381841
380,6742,2973,3.821686035302667,1.3562941898335523,64.68604387521592,0.2198754135677783,-0.0841342714706675,0.2354225416724183
381,6766,3287,1.994911335029519,1.3911488621847767,31.954078035439228,-0.2322771463313067,-0.0054859608358028,0.2323419214737349
382,6792,3420,2.008023107059075,0.93794911220114,69.80716625404497,-0.038915171018269,0.2253917604170797,0.2287265533323391
383,6814,2584,3.334488489160372,0.9488466181001008,38.728587227036165,-0.1500528186081018,-0.1689596756525022,0.2259717247109351
384,6817,7359,1.813543533118937,1.1008248761600474,43.45344855064088,0.0170330312052941,-0.2246457796348424,0.2252905911479365
385,6836,8407,3.09276265541602,1.0320673801542188,38.976356802788594,0.2202427330426627,0.0379593899884958,0.2234899924972041
386,6838,2717,2.6580025352264944,0.9312333013304795,14.29487536346342,0.2203225804074856,0.0372232189432834,0.2234448644876686
387,6854,3170,2.1874050930887967,0.9680804151680318,231.3586656545972,0.0874752371282094,0.2031488998107038,0.2211818089376607
388,6884,4119,1.1401197642837897,0.7614975862870699,29.03060430886024,-0.1568311076197283,0.1526497688354905,0.2188559988731392
389,6903,2712,3.159828479641455,1.067551432804874,21.73943587443113,-0.2042934748314584,0.0740215705002715,0.2172901671913352
390,6911,4007,1.1426790641086888,0.8479001293991127,18.996761344081584,0.1936927782822735,0.0968053397110054,0.2165367547444754
391,6941,4090,1.1067158998469482,0.7805420973497917,45.2753777488447,0.0844172729081247,0.1935974747590384,0.2112019370136583
392,6944,7280,1.18110643346168,1.3623079851417972,41.992134992897626,0.1048152963242883,-0.1825848858186461,0.2105314391556672
393,6947,2773,2.8848644403727093,1.0716667743102322,22.348866107258043,-0.1971641312094637,-0.0722630699892971,0.2099896328866277
394,6953,3536,1.1528679744842432,1.2843633013002551,18.45403061454735,0.1343182080205818,-0.1610836947261206,0.2097363528634898
395,7009,3466,2.0104559572582863,0.8661962006261906,19.9693991712764,0.0303413650426811,-0.2015993528973665,0.203869805320185
396,7032,3815,0.7399572696580246,1.0051328806014923,20.270314830527568,-0.198459009011366,-0.0355106761330919,0.2016109778191723
397,7076,5873,0.9257517240786588,1.1368245254082372,21.688927903765578,-0.1263803854039803,0.150738749012455,0.1967083431598632
398,7080,2609,3.1124449484704546,0.9710022154426304,77.21997969553702,0.0995668874078413,-0.1692618966803791,0.1963750359285138
399,7123,8355,1.5314492675284233,1.1621016821980563,268.8423330311724,-0.018760323800022,0.1907477008171138,0.19166803363132
400,7125,8423,1.6661526827576252,0.8912007362239232,40.07020062295358,-0.1568056439261681,-0.1097821633981455,0.1914161261949404
401,7139,3514,1.4743767668068903,1.23472450457109,23.32411859567598,-0.0779198901695556,-0.1730106711253801,0.1897477314944504
402,7148,3011,2.409316455011179,1.1008248761600474,155.9447384616237,-0.1827543737225824,0.0480699982496217,0.1889705951899711
403,7152,2940,3.662162345362317,1.3290063906175804,106.15183270710772,0.1724196647888816,0.0752942950228999,0.1881429554060045
404,7173,7357,1.950496658402548,1.1090198046419295,23.932240496201,-0.1840519935781741,-0.0271751732035704,0.1860473767048176
405,7198,2990,2.3161128009750334,0.943400273002067,204.3241847743844,-0.1469476948785164,-0.1097636406591253,0.1834166891012243
406,7238,2724,3.002632885007392,1.0535428544587957,17.383754640499294,-0.1622231226516397,0.0747888556209462,0.1786329041580517
407,7262,7251,1.1711337471402037,0.8106859655071834,459.0526238131852,0.1738184595836444,0.0291023296741054,0.1762379144352638
408,7263,7366,2.102095084387288,1.4487244756468391,31.63650843831705,-0.0390871415938862,-0.1718182849670827,0.1762081941539897
409,7264,5864,0.7387497287924599,0.8576941593174251,42.88130007926033,-0.1599153266832821,0.0738281176092072,0.1761348990346313
410,7300,3782,1.5791620967057718,0.9232485575911842,25.47823004567335,0.1025820644693306,-0.1395979169864994,0.1732358461109002
411,7314,2780,3.570883292372837,1.1527326200090726,206.674319262766,0.1627687024515175,0.0560278694898045,0.1721417225930925
412,7316,4082,1.4253522224620356,0.7632320877413221,31.37028646278145,0.0795840182415813,-0.1523522376375605,0.1718860677095385
413,7320,3245,5.338045144447063,1.5472736661898463,23.34428106399272,-0.0555288979589723,0.1624209724615619,0.1716508980573577
414,7346,5839,1.2439748688234094,1.0146753326004072,45.27567289033694,0.1687813304854236,-0.0113499942276056,0.1691625250739551
415,7361,7277,0.7426386889196147,0.9224074380654186,25.58510828065275,-0.0779147640936368,-0.1485060771755762,0.1677043989340926
416,7363,4153,1.4104953344608469,0.7266746955782386,22.549610381901992,0.0531023419718934,-0.1588387622812548,0.1674801812930142
417,7375,8431,2.438421820844857,0.814119302209477,31.7369610400743,0.0526729998212899,0.1580261976648946,0.1665734794575594
418,7379,2816,2.760077028245386,1.0757799586282302,79.38542859582157,-0.1571528375167497,-0.0544502703915371,0.1663185085469367
419,7397,2897,3.744838446212936,1.2775139309346188,15.482727258176675,-0.0605258273885657,0.1528212613168393,0.164370659460684
420,7459,6097,3.3594213154823453,1.2080046468031174,40.29560055837059,-0.1579313256301281,0.0246684830156712,0.1598462938875469
421,7480,2771,2.57713501399972,0.9396269085636064,20.312185468311338,0.1426207095826649,-0.0685550477588452,0.1582417813824162
422,7481,3010,2.462714584941569,1.1502869935766686,22.59940495561196,0.1228960326559272,-0.0996694948932984,0.1582322440429004
423,7495,3807,1.5807862489216962,0.9000738277459134,22.222771156290403,-0.1535287088426725,0.0328433081282218,0.1570023800064937
424,7514,2840,2.6674727096568835,1.0654929465950207,18.238893117810875,0.0970321073617663,-0.1217046912660706,0.1556510897335284
425,7533,3687,1.169667211141996,1.1212974608344335,25.905456611314275,0.1473974121319072,0.0422701479003707,0.1533387182244019
426,7534,3291,1.0178119056273054,1.531723204115499,17.03884973650335,-0.1301318917673501,-0.0811014040115148,0.1533354068295652
427,7538,3224,5.037020221255635,1.5408942149471625,31.678715943084864,-0.117162651897664,0.0987505548757821,0.1532278012893485
428,7543,3866,1.2915326626542052,0.9261915425306644,31.098325105814656,0.074971224039943,0.13335149821226,0.152981392690424
429,7550,3129,2.2143796494033383,0.9236690728318572,20.171150803226155,0.1513435960129672,-0.0164501538150106,0.152234988142259
430,7551,3488,1.5313339190751718,1.2440215098514036,14.145842591826607,-0.1464223212838564,0.0415997432317481,0.1522170647696908
431,7567,5964,2.010037521880136,1.0258608002251488,23.89579341528773,0.1430676171299446,-0.0483276031727814,0.1510096033359013
432,7586,2857,2.4088363778647057,0.8916235785449225,24.2987791959781,-0.0957759926439358,-0.1140360298704693,0.148920303772017
433,7595,2751,2.670880868412665,0.9676629069617216,47.19864606753352,-0.0578596944771699,-0.1364070521349854,0.1481709422159016
434,7607,2908,2.4764550217430426,1.0142607152197023,76.9698768927527,-0.0572372170831237,-0.1357825246636875,0.1473532932223285
435,7616,2915,2.652364188680209,1.1392737145536882,15.21420272095537,-0.1194501594891789,-0.0851761490346577,0.1467082716358027
436,7631,2596,2.760443544882208,0.879348224111068,34.87044853953813,0.1455670141991368,-0.0019527138397825,0.1455801109842679
437,7657,3563,1.6910706898925814,1.0897489283170574,56.323122307949774,0.0315304079446506,0.1392770105553514,0.1428014436005167
438,7658,2762,2.8770964416690994,1.0621982295542785,29.03881326441909,0.1303738248207215,-0.0581335401612473,0.142747478752038
439,7664,3049,2.4246693300683826,1.1889371636850437,20.10544036968664,0.0241990619099886,0.1404817889288712,0.1425507896084037
440,7671,3793,1.6843533193137674,0.8640719424699477,61.18079069005247,-0.0080372729142412,0.1414742215667499,0.1417023398671167
441,7686,7351,2.3820344297673257,1.1061524849210334,21.81358313308585,0.1285878539896623,-0.0561237180169913,0.1403022021128588
442,7691,2937,2.586120532450891,1.1384573913995144,179.4767158553116,0.1361405817623148,0.0323150463595227,0.1399232654843347
443,7697,8430,1.7085494078096322,1.1098388611126233,27.29192911244539,0.1364381944458643,0.0295560365170339,0.1396027943783495
444,7712,3581,1.9210230381768705,0.8670456715373572,33.035130926788014,-0.0138060676290558,-0.1378670179697161,0.1385565665973291
445,7721,3200,3.704461337357965,1.54687495817254,14.86774597735,-0.047805859465335,-0.1291884749091089,0.1377499990873351
446,7728,5884,0.9737660155943972,1.4726817045273664,72.95404011609266,0.0832618944929204,-0.1091228983914951,0.1372601545529903
447,7753,3519,1.8947862824898063,0.9693327773488386,48.98580042802008,0.1354123388559522,0.0094155486359146,0.1357392871299776
448,7778,7365,3.0635969930214557,1.3979528263626002,26.362350430971624,-0.1103722575693027,0.0766596054118518,0.1343827754693485
449,7791,3050,3.473355670886991,1.4319441796232,20.506838831102844,-0.1271548427105987,0.0387710914089739,0.1329343881537057
450,7802,3363,1.9856044720745136,1.1208884858112989,30.84293402996217,0.0525654729454113,-0.1209643651633956,0.1318920262387309
451,7811,2909,2.409476557376516,0.9496840933005184,64.33768288772127,0.0736501161419444,-0.1086977052133503,0.1312993934729719
452,7822,3598,1.2309605830171546,1.195432077041046,17.016965165965487,0.0761990455718904,0.1060865617458925,0.1306164351417237
453,7830,2867,3.1605942220590864,1.222991708746237,20.031901407497784,-0.12903979487622,-0.0159034788228382,0.1300161116953026
454,7854,3715,1.7983500115428663,0.8610965816529864,19.96853018616377,0.0196320719146849,0.1268606831611781,0.1283707567157886
455,7868,3635,1.2558708193252857,1.1592512011085492,31.456417350227667,-0.0685330657199454,0.1070100648057808,0.1270745256403177
456,7873,3489,1.462855479731111,1.2650149181000303,23.20362842159723,-0.1256687256075991,0.0174978907255394,0.126881065473462
457,7876,3272,2.13122366044769,0.9337526010987856,14.10733883192908,0.016689255625533,-0.1256228278775708,0.1267265802319788
458,7880,3611,1.5982533357591977,1.0753687366775346,35.42112705864915,-0.1216379083495489,-0.0350112391960317,0.1265763311906891
459,7899,8436,2.2520975373546204,1.097134542703703,18.9329891837018,-0.1210287606799541,-0.0307755257760938,0.1248803182992445
460,7905,3804,1.210822168571066,0.9984868545423092,27.06109677346128,-0.0858711970166021,0.0898904451184239,0.1243147400779669
461,7949,4117,1.1123818815258992,0.7627985226876793,19.28802335394715,-0.1215239923395652,0.0059017889466707,0.1216672175522961
462,7965,5975,2.672717830290648,1.3318174305900703,35.31516993069039,0.0572915328535069,0.1062074262306718,0.1206745090035507
463,7975,5944,2.0538731101947185,0.8687442162274536,22.21421417591148,-0.0075348793540286,-0.1195823712270883,0.1198195222623297
464,7976,3992,0.9307259788976044,0.8576941593174251,21.66174824457939,-0.005690346054231,0.1196081954394439,0.1197434777117197
465,7979,5931,2.7158584595680724,0.8844309430483477,25.7863153733868,-0.0055185283230546,-0.1194074169025728,0.119534870921406
466,7999,3306,2.059577112746811,1.1755284360621705,29.41216767804827,0.0499581198675931,0.1072938096648109,0.1183544478804809
467,8004,2571,2.476611982041368,0.7266746955782386,34.33612565706026,-0.1056027112606726,-0.0522136754832173,0.1178057746168316
468,8015,2820,2.7023333063542467,1.0539552385869195,25.023511655516863,0.0493034862234145,0.1061692060842114,0.1170586779112689
469,8020,3774,1.7597282183232823,0.8368067248417629,43.28302346147492,-0.035816933445855,-0.1110094490854546,0.1166445476982141
470,8045,4118,1.669354592416549,0.6893914314811168,18.51327966129272,0.0961502022071099,-0.0624475721677018,0.1146497302836272
471,8080,7243,1.517863386059009,0.8640719424699477,36.433845708364736,0.0008875773362346,-0.1117319585945704,0.1117354839113636
472,8085,2725,3.302648985830789,1.0938528664202924,36.92736149348805,-0.0783269837292075,-0.0789751505748341,0.1112303501227667
473,8091,8360,1.4871850039899326,1.341853027865063,48.99012410175379,0.0852755643649997,-0.0707161923437145,0.1107822266311814
474,8101,7339,1.6287759817891585,0.7896048046057004,44.313658385994486,-0.0157454769246158,0.1090772176058404,0.110207801194904
475,8110,2977,3.5988554140977853,1.3643121605168569,21.36266433702144,0.0354600663916412,0.1037738009264105,0.1096650266366351
476,8113,5946,1.8227526712051128,0.7288545329929795,155.50560541371328,-0.0669802584639863,0.0866106276560336,0.1094886105806193
477,8122,5966,1.933137125369779,1.086464290923764,24.20325020661098,0.077949885916212,-0.0759939688372967,0.1088635293107591
478,8143,2656,3.035502802664112,0.9993179616114016,41.14771547286296,-0.0259400690876716,-0.1044772256252473,0.1076493281847221
479,8168,3818,1.3182719173068134,0.9651572875467684,53.23907785071937,0.0099716047447526,-0.1059127137230453,0.1063810877429128
480,8180,8445,1.7334943069919837,1.3024778932321324,14.952027339166737,-0.0336608232725822,0.1000511324702858,0.1055617361167137
481,8225,3453,1.8387224329403808,1.1241597518002724,28.157245510120347,-0.0662221212885573,-0.0792244153408155,0.1032563670387955
482,8226,3335,1.7729945773716864,1.3831415224672106,210.4544371176939,0.0138971657114287,-0.1022034663190871,0.1031439757932943
483,8235,3446,1.8688691237469404,1.103284192288157,23.07483543544578,-0.0626906979326776,0.0813877240315689,0.1027330775861652
484,8266,7363,2.350072232793924,1.210841590755103,16.157708123404415,0.1009658112337776,-0.0035206567068935,0.1010271748676692
485,8270,3393,1.2781599918751745,1.404754785725338,20.14102632568731,0.0740040562697095,-0.0685781528869057,0.1008938223963694
486,8276,4097,0.8144433728384334,0.7502075266532601,16.281071696918833,0.1006359506957895,0.0036692878600504,0.1007028214393484
487,8287,3096,2.544529764068264,1.335832380683833,43.86670452749316,0.0955341879180328,-0.0292540200364619,0.0999128557766803
488,8290,2942,2.4398844584232204,1.029171641812069,16.881826980409542,-0.0993777078009635,0.0050883200110671,0.0995078881712837
489,8292,2745,3.3282969538360283,1.1122955589656949,41.293302584263145,-0.057698581575057,0.0809587529359537,0.0994155218902878
490,8304,6102,3.668975651613572,1.2662250181920225,27.761073793556783,-0.0818481859410257,0.0553818131328855,0.0988244441811972
491,8316,4115,0.9367242520801478,0.7536843249253882,17.853326669740305,0.0048527451455655,0.0974756111473439,0.0975963314064417
492,8352,5836,0.9993181329581629,0.841929673364487,95.92897368026428,-0.0946412073252341,-0.0151142676659586,0.0958404883702926
493,8358,7348,2.392249826233267,0.8333886236460737,190.5744040017279,0.0155044913407594,0.0944092375203832,0.0956738908005513
494,8408,3742,1.4764160836881055,0.995577178272938,23.237721698211168,-0.0565411170309274,-0.0738836603300666,0.0930359778734748
495,8420,4022,1.449167541448463,0.7973593954618483,34.99198975551313,0.0813475910882736,0.0444239099540021,0.0926871854760207
496,8436,3321,1.9610787987600904,1.310923705088641,23.45396498273625,0.0892776612229934,0.0211894994692515,0.0917578099194013
497,8444,7337,1.7399290996057333,0.7419395556172256,16.37725453830982,-0.0906607322643759,0.0096404528473824,0.0911718525961574
498,8461,3775,1.6063413149709749,0.916095238157575,148.7821028958559,0.0622419505394195,-0.064666791795992,0.0897544114132433
499,8472,4175,1.6210341975981513,0.6768006505879924,17.661955264096633,-0.0888307294598735,0.0052650339806405,0.0889866230350974
500,8481,2791,2.4288427128641903,0.8483263320969199,35.21551311554077,0.0601270901893599,-0.0648905869601609,0.0884649944931532
501,8524,8401,2.6452646475539057,0.80596127741752,29.036033862875485,0.0056602351424856,-0.0855944130223112,0.0857813604607797
502,8528,8426,1.778160597984589,0.9047161553855448,45.062162887889855,0.0639696008932516,-0.0569515439711013,0.0856480484257183
503,8541,3844,1.2185790283047735,0.9538697851436484,31.92004973222252,0.0819898127821668,-0.0224575219618116,0.0850098211544997
504,8559,6073,3.277348137239392,1.060138315372318,233.11492666344185,0.0728436135508297,-0.0423275252975033,0.0842485099746779
505,8562,7340,1.6909262501858924,0.8321062541872577,33.563824982972235,0.0017241636190414,0.0839764489837887,0.083994146963417
506,8591,3338,1.9577903370887968,1.239980221172829,44.696103447150286,-0.0616247180252947,0.0549968414461622,0.082596963871267
507,8592,7354,3.0225267289579127,1.2831548369862529,14.654863089732585,0.0276220068002616,-0.0777615472003089,0.0825217152188415
508,8595,3452,1.903602624020702,1.0580778472419956,35.97094845193737,0.0756307525797484,-0.0326515641897352,0.0823780030093927
509,8683,8437,2.1228666538514585,1.1159792871225394,49.69552125639584,0.0224812291105267,0.0748934435193426,0.0781948434649303
510,8689,5963,2.7337249378340367,1.2912092907395554,27.72507149951212,0.0426412981049083,0.0648175539171561,0.0775860528695402
511,8691,3206,2.451394267573854,1.5050022649800834,17.10367120620968,-0.0040321792205275,-0.0773625076737996,0.0774675161783645
512,8696,2579,3.0066627967007,0.9114619922922368,21.20178947349155,-0.0632866508498622,-0.0442551188284579,0.0772250977229119
513,8735,7361,1.7011494666489615,1.1865005235753072,28.5646691153077,0.0283042897564366,-0.0700882452252205,0.0755876639232022
514,8748,3044,2.7963792573939856,1.36270883696177,76.17365070339048,-0.0748104927219336,-0.006096758062809,0.0750585123765114
515,8754,3457,0.7404707260844586,1.3823406246807042,15.395421691118854,0.0646956262498042,-0.0373332598812232,0.0746946875568356
516,8762,5866,0.9588315774633304,0.960143100269989,29.457236623482835,-0.0244308493887279,-0.0701109963654717,0.0742456612416773
517,8791,3472,1.8865132086487908,1.0419868876689478,28.861620654824588,0.0433086991344495,0.0585350313921384,0.0728147877892732
518,8817,2754,2.853213633288898,1.0423999097420782,28.302625497293786,-0.0661331477846516,-0.0273945579930829,0.0715825051499524
519,8834,3487,1.8710956245645087,1.035788773238574,32.277370196980435,-0.0301292870801612,0.0638386004230176,0.0705913652221607
520,8845,5974,2.5675123816894163,1.3032824612837917,87.07630922760501,0.0083999625883756,0.0694082291851579,0.0699146740685067
521,8849,3862,1.4167686359768177,0.901762379974516,19.31746378888355,0.0557540723369114,0.0419386015105469,0.0697664882218534
522,8905,7338,1.63982546224975,0.7085271957042383,64.07497575934772,0.0438661422980551,0.0500897397021427,0.0665824335958189
523,8911,3835,1.1838722315917418,0.9651572875467684,15.27503218915655,0.0150789814527923,-0.0642974429230938,0.0660419324982405
524,8912,5953,2.4040139355652523,0.9106191900595458,23.048207052422864,0.0206919674260788,-0.062654344211983,0.0659827580856966
525,8926,3475,1.5579855662877864,1.2516962654457735,23.86899332582318,0.0650814886560826,-0.0040377134557834,0.0652066200292794
526,8927,3483,1.3946633113080216,1.2871826427248083,23.099078694997026,0.0039549401364478,0.06505509708626,0.0651752039381972
527,8940,7358,1.8328168289418487,1.0942631473572717,33.57521116956257,0.0512412496920571,-0.0392932491163019,0.0645726342665335
528,8951,2719,2.817345705398186,0.9980712629076456,24.35986998760892,-0.0216336863510366,-0.0602894834808974,0.0640534011862635
529,8953,3002,2.453732352931231,1.1372327694150994,39.767154407955466,0.0502672723359108,0.0395916745607017,0.0639867123910358
530,8957,3983,0.7404679263438645,0.844062756515191,34.339025369195575,0.0364789928406049,0.0523861765448165,0.063835949210845
531,8972,8518,3.184550447872625,1.1820318467830335,17.776517335585197,0.0279824984819294,-0.0569285646808939,0.0634340736348999
532,8978,3834,1.1838722315917418,0.9651572875467684,16.772438274445232,0.0020602595291913,-0.0629923880060697,0.0630260709233477
533,8992,3394,2.0290292732186965,0.9392075026042884,54.7954729567608,-0.0119187821867657,0.0609329470603946,0.0620876912622817
534,9001,6103,3.6978393528430447,1.4011539932374155,48.598187291524695,-0.0591876261800811,0.0176624279848347,0.061766790876267
535,9068,3411,1.830078412788285,1.195432077041046,49.03776375823409,-0.0568352780878766,-0.0155417589649795,0.0589219407950196
536,9076,2944,2.715333273011156,1.2096258476295794,13.285874751692209,-0.0520484263281675,0.0271647501648819,0.0587108366041494
537,9084,3541,0.9541048806439248,1.2952347983361887,31.817748752641226,-0.0539041734990453,0.0227026726030128,0.0584899244651143
538,9085,3388,2.046575657020288,0.9106191900595458,34.91177157980641,0.0152289682159806,-0.0564600420996428,0.0584778404766865
539,9104,6070,3.476689191416893,0.935011858399735,55.24754337797912,-0.0576675960833822,0.0041518312321289,0.0578168603490037
540,9116,3721,1.5483563792692552,0.9905862429529736,16.347822211589992,-0.0536538117350665,-0.0192260065600408,0.0569944808025189
541,9119,2947,2.5684442763458923,1.1441701254956598,15.08999483489526,0.0444799903943151,0.0355307864635487,0.0569289586431779
542,9136,6104,3.3761212718265314,1.3983529963295536,28.31970197773764,0.0549148863983527,-0.0103338925805352,0.0558787444741739
543,9144,3378,1.4465849384230374,1.4067549921723423,37.82581954241678,0.0544986993428261,-0.0107696440441129,0.0555526188662303
544,9145,2886,2.559567420527765,1.052305567012686,12.027829179330414,0.0520683914801203,0.0192170357743514,0.055501458136519
545,9175,3450,1.1575091379003173,1.3651137722922215,21.347287682113645,-0.0538002397267978,0.0057350013257202,0.0541050462976137
546,9213,3662,1.7128757524532112,0.9689153503381372,24.19894788411089,0.0517091678782335,-0.0064950839365226,0.0521154886574213
547,9223,3599,0.549504419326969,1.2266341959583995,19.655207554927312,0.0138120311767604,0.0499989671199118,0.0518716581408944
548,9245,2979,2.5603182768215293,1.1755284360621705,105.95327268524925,-0.0177475523291545,-0.0478042536670782,0.0509923747470388
549,9254,2966,2.423322538345973,1.0518930927726364,87.03197711431037,0.0123803057279239,0.0488503451984881,0.0503947238897914
550,9337,8359,1.4392820803418027,1.3153458327792975,29.79028443389637,0.0005400152179075,-0.0471654862522255,0.0471685775685938
551,9381,3640,1.808899055809994,0.916095238157575,16.41456825690471,-0.0440517035102097,0.0114885758218646,0.0455251574029805
552,9382,6093,3.496140065709747,1.0901594147837992,35.73736125471287,0.0118727014672708,-0.0439323247626586,0.045508353070427
553,9391,3579,1.2442925344941351,1.2189431328745486,28.79466920050278,0.0082245399823217,-0.0445162691439963,0.0452696507212231
554,9395,4063,1.260683802761519,0.7930528098243871,23.45102035119149,-0.0109255448741188,0.043755681045233,0.0450990815264407
555,9408,3449,1.7928419614017677,1.1690207878843404,12.480248876730508,0.0390520948077966,-0.0219270364002173,0.0447868399663739
556,9459,8443,1.8779489280405792,1.184063305791303,27.45465712563165,0.0171504006731639,0.0394572264128411,0.0430233536517584
557,9478,2655,2.5597355236588317,0.835952410493387,23.06087398138016,-0.0329265087422371,0.0263237137966572,0.0421555795358211
558,9483,2843,3.10038868142012,1.196243658175257,13.928959493948378,-0.0413863154153339,-0.0064273461848667,0.041882429282906
559,9488,3337,1.9711776690101663,1.2225869162241376,33.064690678898145,-0.0327115999124482,0.0258431000605887,0.0416883027907552
560,9496,3659,1.089323217742759,1.164137224418048,30.52666161057518,-0.0142505670469639,-0.0390627436803668,0.0415809644548806
561,9498,5865,0.8168696278117243,0.8806193386431083,65.40757647421529,-0.0359338760580174,-0.0207767138102443,0.0415080147116885
562,9503,7278,1.471238813124797,1.1429462673679935,228.6748478898559,-0.0410016528123848,0.0050191859664152,0.0413077203572504
563,9509,2738,3.367463279252171,1.1106578388835244,31.97412586019189,-0.0387586221399007,0.0138310499122217,0.0411525057786032
564,9531,2980,3.634964102612456,1.3667168965031256,22.73309564572052,0.0379173788256569,0.0128259569254729,0.0400279001205717
565,9537,3593,0.6458556325657288,1.2371505087966517,53.74352842205128,-0.0123902167000302,0.03791577478103,0.0398888887676694
566,9613,3042,3.020344550023828,1.3975526494586312,18.42008786084082,-0.0298063542869499,-0.0225460496802524,0.037373026530689
567,9614,2930,2.3369122598334853,0.8920463892865744,28.18092082783892,-0.0369552106200653,0.0055494164066172,0.0373695546458266
568,9625,3385,1.945986532239537,1.1290643763686707,32.476929458358875,0.0292023718964479,0.0224411122649499,0.0368290923600696
569,9627,4065,0.9997861520333936,0.7964983811324914,20.44816128190604,0.0352777637748353,0.0102426522409185,0.0367346232032054
570,9634,3918,1.150666059242217,0.9080900523324628,83.67346538176595,0.0027718923681721,-0.0362853542332011,0.0363910747179802
571,9649,4093,1.631005072719408,0.7089559743470788,95.32639324178888,-0.0004653403943232,-0.0359622615409384,0.0359652720943613
572,9650,5929,2.9061626854302443,0.8971176644337592,23.82021774673069,0.0356962508111459,0.0042724482265459,0.0359510241275649
573,9686,8432,2.518553273494544,0.9312333013304795,21.64557112174219,-0.0345315049734792,-0.0043984620572168,0.0348105056585249
574,9721,8435,1.9469676693648863,1.0926219007597509,49.73569036260648,-0.0006644899261884,0.033453179018806,0.0334597778433493
575,9731,4084,1.1234590716654482,0.785722870229175,29.333468623442407,0.0256995002507623,-0.0210046904420059,0.0331912840020302
576,9760,7345,1.9216310919761888,1.0333080562478354,23.035443718113644,0.0223615043932172,0.0232691989666499,0.0322721629160088
577,9779,3056,2.2240030229977084,0.8265456310335361,49.10144096011784,0.016936629845166,-0.0267902033324171,0.0316948643332705
578,9800,6095,3.432215980608551,1.084410716285583,30.050608023560628,-0.0241305914288792,0.0197877251252806,0.0312064017204989
579,9808,3605,1.7623965698351862,0.9855915867785844,47.080304769068,-0.0277210863792779,-0.0139122859504977,0.0310162913710811
580,9819,3857,0.7344450715387673,0.9526143715633448,42.889376826962206,0.0164958193094818,0.0260836188087596,0.0308620677345468
581,9828,2585,2.807429702613766,0.8776529518637131,14.373043693035616,0.0058159227037364,-0.0300120993428722,0.0305704279306369
582,9841,4047,0.8145023833221817,0.7986506340546485,21.39458605060328,0.0063033415853829,0.0292432619003964,0.0299148872924033
583,9842,7445,3.196313017433058,1.277916930192517,27.922468974352824,0.0298469833217682,-0.001600080222408,0.0298898422566605
584,9845,3267,2.12871991101575,1.0258608002251488,18.424759848400846,0.0185591525786496,0.0234082018673682,0.0298728314543677
585,9846,7244,1.4102241426295834,0.8179790083257772,36.72498768165801,0.0027716756188998,0.0296919152224808,0.0298209995693537
586,9866,7250,1.3227511754890755,0.8899320195249443,37.231790220630174,0.0083974481704259,0.0280170007246116,0.0292484096213431
587,9870,3595,0.6794912511493437,1.2351288731773906,21.45095760537048,-0.0127591093716082,-0.0261622811693645,0.0291077279762874
588,9913,3540,1.3371161325001002,1.2464456359442653,22.064182535911943,0.0034557517625504,-0.0273725026750561,0.0275897829447846
589,9928,3448,1.8677728933164124,1.103694008205777,69.68308100977642,-0.0142255609107561,-0.0230633663850439,0.0270977019733483
590,9956,3787,1.5207290903645376,0.941304245508025,24.957160803352423,0.0150413148834046,0.021622868634662,0.0263398861313708
591,10020,2965,2.353569496330723,0.9651572875467684,14.035706346096871,0.0210470642283086,-0.0123706514810385,0.0244133555804168
592,10029,3959,0.9902040561535972,0.881466586987551,17.361978996911322,-0.0186241435925842,-0.0153278677538384,0.0241205774067777
593,10030,3644,0.8654229762646253,1.1889371636850437,39.16613548052111,-0.0115774025348399,-0.0211534164478466,0.0241143790479819
594,10034,3744,1.778904653706424,0.849604734429393,16.587598827268767,0.0117958142054185,-0.0209910040335199,0.0240782782421004
595,10042,3057,2.4278241510172194,1.1970551769068736,22.216055620559853,0.0117390063806186,-0.0208566945975806,0.0239333654202862
596,10085,7352,2.389330678414679,1.1229331699450322,22.254914974755906,0.0047468922145776,-0.0223427697102966,0.0228414610746372
597,10101,2740,2.9602517064854177,1.059314194741468,27.88645837168511,-0.0198081534829604,0.0105344482556138,0.0224351854116412
598,10113,8356,1.537836936109845,1.178780666288585,76.979878605724,-0.012609300485845,0.0181539465267169,0.0221033986806832
599,10141,5960,2.784925194950534,1.225824854426962,70.21371612727519,-0.0125370186041852,-0.0172575519952372,0.0213307275157225
600,10178,3899,1.6339844079753607,0.8145483043791516,17.82182714923434,-0.015399491621739,-0.0135773628568188,0.0205302002998931
601,10196,5947,1.583451668294953,0.726239235110326,53.882360422811466,-0.016906612100288,-0.0105399022551478,0.0199229283052888
602,10198,3179,2.2786713705042474,1.3237846097408774,51.807269052327705,0.0059169434054222,0.0189531031986759,0.019855234577376
603,10242,8506,3.296589327021583,1.0539552385869195,25.455107347831746,0.0140670493207396,0.0126074781905773,0.0188899545504483
604,10285,5838,1.1050851577656764,0.8772290527556601,16.808087583266275,0.0149532710057834,-0.0095426907094166,0.0177387502307234
605,10296,2668,3.308864476175967,1.0423999097420782,13.39989343309622,0.0117649429596423,0.0129854318950277,0.0175224234723408
606,10297,5957,2.9567526658785828,1.1110672983065482,42.07428700511552,-0.0134583748638317,-0.0111143652663833,0.0174544254918346
607,10310,8406,3.068596178584999,0.9922502995415288,18.72942446791785,-0.0142153500262786,0.0095588137170244,0.0171302976053072
608,10344,2665,3.308660695917335,1.0378553932185115,19.5342437655101,-0.0164372655424237,-0.0020888875171582,0.0165694643718948
609,10345,3526,1.4794078308235346,1.222991708746237,27.154689718939267,0.0056316608586024,0.0155380340235601,0.0165271323992889
610,10439,3825,0.7690015420321571,0.9897540597151396,21.504328887203457,0.0125772886137792,-0.0067632643596803,0.0142804038343886
611,10443,7325,3.1075202332659337,1.0217200923436955,62.05658971751658,0.0100374503880105,0.0100319742708496,0.0141912267990741
612,10449,3736,1.4712309788854467,1.000148967230775,38.5128003974276,-0.008428227611297,0.0112625756551478,0.0140670050492547
613,10452,5962,2.815178948801917,1.2887934398874743,29.441704739863216,-0.0013810988184409,-0.0138778434913424,0.0139463964491367
614,10466,7240,1.5076701430504271,0.7384538111064812,27.863224915407,-0.0124259606090818,0.0056129345334552,0.0136348645440762
615,10469,7431,3.437205660948128,0.9496840933005184,118.0693098990325,0.0130094285864902,-0.0035292822566621,0.0134796537564649
616,10470,2900,2.967978322733515,1.2282527084104935,46.83110332974292,0.0120430019603567,0.0060099463446787,0.0134593220959702
617,10471,5837,1.308996938995747,0.8201220169702692,22.092166073705787,7.000885484321561e-05,0.013449592561535,0.0134497747680418
618,10487,7245,1.51970963774716,0.9026064702242133,75.18465084300128,-0.0073529514483823,0.0109332775326116,0.0131758283461563
619,10489,2824,2.971435435597347,1.1462095288558607,23.32502220674113,0.0068525198351313,0.0112156587859313,0.0131433644890989
620,10509,5880,0.6621422472438341,1.241596899279628,30.919559238500312,-0.0108073711539033,-0.0068039913144119,0.0127708092564573
621,10556,3547,0.9850569661712376,1.2859744233527877,13.396481342320593,-0.0062592405714271,0.0100836492635242,0.0118683644619118
622,10589,7279,1.488442214738873,1.2075993089757626,57.37799956044262,0.005708126790253,-0.0098309137738265,0.0113679187665121
623,10597,3029,3.44476448350228,1.4167535987287772,54.66776800886019,-0.0076870974772253,0.0081926847863497,0.0112343914669576
624,10614,7239,1.4595827196731874,0.7076701106581721,286.97355255129355,0.0008348380967899,-0.0109836529850029,0.0110153342002326
625,10621,8439,2.292653340566587,1.1437621908344469,15.429374332523194,-0.0078849518083047,-0.0076203556362927,0.0109655043223222
626,10629,3053,2.224147811023113,0.8256896159466309,19.56809505353433,0.0071771758847682,0.0079584690074941,0.0107167664257528
627,10639,5950,1.848916113447849,0.9400462858093134,72.17161203578198,0.0104593160369477,-0.0015822137887373,0.0105783123622826
628,10641,3670,1.9007991149753776,0.8136902634593187,23.487291868177927,-0.0082830535508566,-0.0065254424385786,0.0105446846868724
629,10657,7327,2.784969842950741,1.0349619614758037,32.96347022197533,-0.0010530314311714,-0.0102081139775995,0.0102622836724921
630,10684,3395,1.484746727219479,1.370323446551177,62.40738117584466,-0.0049165563693242,0.0085432063353627,0.0098569214778918
631,10688,7344,1.951158092945291,0.8848542941829233,52.76517065684235,0.0097885207749451,0.0006779714925527,0.0098119714790783
632,10693,3232,2.152476423527444,1.2075993089757626,17.526245328522762,-0.0076842330415639,0.0059795299595862,0.0097366429519959
633,10743,3119,2.481496499813319,1.3278015125770797,41.22807612791132,-0.0048257504519154,0.0074236474002466,0.0088542875572996
634,10751,3573,1.413550296199433,1.1921851255154143,43.600125833579824,-0.0048622826523064,-0.0072302896820673,0.0087131441786262
635,10760,3951,1.311419605395277,0.8670456715373572,47.29474278913227,0.0054514189177328,-0.0067035358108458,0.0086403333606932
636,10783,3427,1.255696464833046,1.3707241337446974,32.702534829268885,-0.0019802207641899,-0.0081914221045085,0.0084273762446659
637,10784,3727,1.395805138100941,1.0328945211263831,23.04916535271449,-0.0083037835583244,0.0010676722801342,0.0083721410332881
638,10788,2666,3.528350750693983,1.0374421159276912,20.083608224608863,0.0023374075513223,0.0079654852243426,0.0083013510298144
639,10789,7241,1.479091818873555,0.7822696415964463,33.85870671502422,0.0005723490897362,0.0082610184872083,0.0082808218146824
640,10845,2588,3.4552369037596598,0.9530328706903286,57.467676352288784,-0.0003395306233792,-0.0074314375056924,0.0074391897707495
641,10855,7253,1.5577635188433232,1.1102483598255468,30.391983874378127,0.0031435831744748,0.0066217979986253,0.0073300971282404
642,10867,3037,2.3452861823673805,1.0778357483325425,26.076746293834383,-0.00409979963866,-0.0059430973745228,0.0072200251717163
643,10888,3193,2.4475985867946344,1.4782695711808325,21.91272448780313,0.0024670603899311,0.00649864943585,0.0069511748257141
644,10903,2742,3.2245857584848845,1.102464500444604,11.776612421913908,-0.0045673074609974,-0.0049800530283534,0.0067573090508348
645,10910,3517,1.433830549519488,1.2424051568724397,37.54149647675275,-0.0064044162026761,-0.0015377738555799,0.0065864478535858
646,10918,2786,2.589310678133021,0.9609790724125667,34.739345584923434,-0.0017143320616037,-0.0062786660783176,0.0065085007598109
647,10935,3046,2.4414711637425563,1.201517421091918,126.5512164635681,-0.0060482641967138,0.0017403294328324,0.0062936671605697
648,10948,6096,3.2633115997271807,1.2165132889671182,31.170258991791968,-0.0037701363817686,-0.0048447201383205,0.0061388306342319
649,10966,7355,2.8104934278438103,1.2851688856543109,25.813828240363627,0.0008598340355048,0.0058199160751395,0.0058830891281944
650,10973,8425,2.0034106529511297,0.9034504368372795,38.037801600819314,0.0050738912282573,-0.0026055300473279,0.0057037846228373
651,11012,2690,3.5968510527200177,1.0597262661463849,17.79482305719738,-0.0050006461716708,0.0016547326768138,0.0052673145307606
652,11039,5881,1.042631282804752,1.3647129705575398,19.316763105895973,0.0019072083889386,0.0046400910357744,0.0050167607735582
653,11051,3242,2.141646699215481,1.4890441686251628,21.27071238207668,0.0048328309255303,-0.0008329523185057,0.0049040864918623
654,11055,3511,1.446425295932707,1.2496770570866411,193.8878058418218,0.0019261798236991,0.0044505056542823,0.0048494504113378
655,11129,7335,1.7456701366138596,0.6788902009456633,27.025872132627573,-0.0037180910158422,0.001450431643424,0.0039909839331088
656,11150,8424,1.859907758834714,0.8154061990933853,25.18618688494533,-0.0037516367128268,0.0006048148807396,0.0038000761919985
657,11188,2838,2.9271156041100235,1.1576219743533376,24.8084340737918,-0.0013451470384703,0.0032122029196403,0.0034824801725281
658,11193,3975,1.6948477556922512,0.7475982022267984,17.069644097198513,0.0030017385422359,-0.0017080797379759,0.0034536894283112
659,11230,3667,0.7359619338231926,1.1755284360621705,18.72469033432256,-0.0030559247663925,-0.0008432333067329,0.003170129112108
660,11254,3083,3.2737883840626307,1.4499227250134008,24.07637277703969,-0.0019359133771369,-0.0022432941036886,0.0029631282522735
661,11267,2645,3.524002676379381,1.015919037623943,31.45106581577001,0.0025935406271141,-0.0010582408460146,0.0028011295351456
662,11283,5926,2.4910482288996967,0.7995112715304084,30.921020661081933,-0.0002460253745955,-0.0026890363872273,0.0027002676120668
663,11306,8352,0.7811163977091444,1.0531304478345307,59.15760365732133,0.0025062279024116,0.0007326293179263,0.002611115473569
664,11365,8519,3.4986929516784357,1.2883907579019849,26.57673430835832,-0.0007943444304882,-0.0020177923697893,0.0021685177245823
665,11376,3594,0.624769763748981,1.233915725732429,16.075658135437028,-0.0009065084338774,0.001905903757262,0.0021105038906944
666,11410,7367,1.903655548425244,1.4870490612394067,36.00473766151066,0.0013104737461638,0.0012642510600396,0.0018208987292532
667,11418,3882,1.2636161940518396,0.9224074380654186,34.21789119938895,0.0015372041368142,-0.0007739063315373,0.0017210251503776
668,11420,3991,1.7211835363386785,0.7323472818932876,39.04032979139112,-0.0016041166000369,0.0005627127480412,0.0016999516767608
669,11425,2991,3.417936451822229,1.376733484062443,16.94720509072645,-0.0003861360173762,-0.0016119504292213,0.0016575539840928
670,11443,3917,1.1497035614929558,0.9080900523324628,19.172588410997307,-0.0006428040944604,0.0014245171429684,0.0015628327467985
671,11448,3776,1.3657416338881736,0.996408641840532,24.83756215227942,-0.0006572748454696,-0.0013921726247884,0.0015395307206085
672,11452,2688,2.894419964260327,0.9993179616114016,20.538603710799148,0.001520245174759,-2.108496891515451e-06,0.0015202466369432
673,11459,3094,2.3553848013641003,1.1816255063001018,21.09010645432461,0.0014551841276257,-0.0001895276680177,0.0014674745593154
674,11464,4158,1.5312963215068411,0.7038209702761815,16.79776201399231,-0.0001064854880022,-0.0014520214531082,0.0014559208286996
675,11471,2589,2.531445288605965,0.7744907768773666,19.084213981172265,0.0008614747855214,0.0010907164425096,0.0013898925008971
676,11487,3230,5.159629601208237,1.542090383273771,21.154163772771483,-0.0012601960998505,-0.0001991259948479,0.0012758312474236
677,11495,3604,1.1193880800581573,1.208815277276298,17.26947176342441,-0.0008606622691609,-0.0008943244794302,0.0012411912890708
678,11516,3636,1.4717795772070537,1.1016447284556607,26.519810199781865,-0.0005962019586754,-0.0009295730446324,0.0011043381822773
679,11517,2739,2.586707635362865,0.9152531016820904,15.288835859115949,0.0004015450058166,-0.0010217373003976,0.0010978094109271
680,11565,8503,3.529795180917921,0.9333327905864672,31.70309284040441,0.0003704299197515,0.0007438720521986,0.0008310017782708
681,11571,8363,1.1245847916152143,1.3803382473129142,27.84316613038351,-0.0007887045576909,0.0002086733106829,0.0008158427727901
682,11603,5930,3.022007427912921,0.961814934597677,54.32147220134047,0.0006096748106061,0.0002775336024415,0.0006698718348847
683,11604,5948,1.6891149486026116,0.8145483043791516,23.06510727243906,-0.0006563582547323,-0.0001172863855593,0.0006667550185734
684,11619,2933,2.448594274121456,1.0287578700203466,58.87741389891775,0.0002551800948318,0.0005797723089267,0.0006334451917858
685,11661,3235,2.153096438119028,1.32659654590274,335.06053183403264,0.000365779881421,-0.0003482760377306,0.0005050654612124
686,11689,5875,1.5634068279457272,1.2730801436334371,22.172579293914342,-0.0003606149172923,0.0002311642026124,0.0004283456631544
687,11714,6074,3.2197631604483163,1.0564290721238223,27.99543235780884,0.0001735920422432,0.0003053485158089,0.0003512433817695
688,11724,5971,1.861440677082096,1.2363418959596233,27.390942215199946,-0.0003168677848911,-4.211225211599999e-05,0.0003196539298681
689,11732,5970,1.959900908889971,1.2205627370928782,29.121023882451823,-0.0002811011313964,2.6197171446054826e-05,0.0002823192127081
690,11748,8405,2.6435464775019897,0.874684975278124,29.97833310302527,0.0001143512153748,0.000213473263181,0.0002421714982215
691,11755,3622,1.1187984397287831,1.1909672587347535,26.96212699144883,1.5746803502315435e-05,-0.0002260056174685,0.0002265535277763
692,11786,3584,1.2893692009909596,1.207193956063458,25.799891435729982,4.257963765908314e-05,-0.0001447662583292,0.0001508982938731
693,11793,3086,2.2266249187053777,0.8907778622975943,39.330679070816046,9.47255679274844e-05,-9.82871352567276e-05,0.0001365038247675
694,11812,3369,2.008972297454036,1.0556045505620713,34.30965261598937,-4.2424659767879285e-05,7.415788113166674e-05,8.543560785971344e-05
695,11839,6071,3.496682494877072,0.9182000530691784,15.896513801055756,7.68141682026035e-06,-4.574700330001465e-05,4.638741720874455e-05
696,11843,3518,1.9871889843726496,0.8410761972000458,47.32832458922768,-2.3521332828659568e-05,-2.683651733481453e-05,3.5685455870681815e-05
697,11852,5954,2.263620913566188,0.9236690728318572,151.5913187943168,-3.739304230692445e-07,2.199887576460459e-05,2.2002053514792743e-05
698,11871,3888,1.6677642454185255,0.8063909796124985,29.95376645928027,6.3682550659779305e-06,5.389665676229691e-06,8.342851352318464e-06
699,11901,9680,3.68184853309368,1.2371505087966517,1119.1914089722618,0.0,-0.0,0.0
