flux_idx,index,lon,lat,iflux,qflux,uflux,pflux,num_ps,chi2dof,true_q,fit_q,fit_q_err,true_u,fit_u,fit_u_err
158,9891,1.0659251837722643,0.7388896757842112,3221.0,60.69729593692385,79.2510547021405,99.8243026795388,0.0,0.99678645171274,1101.36269131262,1095.4766377147337,79.77476537135675,1438.023779293531,1459.9875167607165,79.82936240510696
161,9893,1.281600817240726,0.7310376605341364,1244.0,-28.836206033420403,-94.89052780730717,99.17529453422966,0.0,1.034207106323391,-523.2378311748341,-530.3943598711905,79.70459836715867,-1721.8046615212586,-1741.1202325023758,79.71472271806124
163,9809,1.7158370095244984,1.0175769685388587,1350.0,-27.211038889910498,94.71885720757632,98.55000024443154,1.0,1.024889385833046,-493.74889873756445,-554.3735884983441,81.14000806669489,1718.6896694805043,1847.817418641296,80.61376704403733
353,9785,2.000742042706263,0.8759571604966708,545.0,-27.841165366178046,40.29906577997369,48.98106972786036,0.0,0.9778802922273331,-505.1826501272567,-513.4248368006768,79.76693617153086,731.2333582527222,672.4126177625462,79.88067247638145
429,9797,0.7305278807491334,1.2787228927950365,2353.0,38.71146251414165,-13.94494823998706,41.146554064705256,0.0,1.0095190165743833,702.4260287234044,651.4557037803125,79.78434999795701,-253.03344221079809,-161.07238790001915,79.75997316502767
440,9644,2.6716019433415648,0.9064033492953304,1200.0,-27.41162790837848,-29.87149907094988,40.542617100196594,0.0,1.0245361284035257,-497.3886203728945,-422.3995333589246,79.83339267937723,-542.0233982830559,-515.5102172658288,79.83107650529243
446,9641,3.0962038789677027,1.0188201606618688,439.0,-35.98509279799249,-18.140920083301594,40.29913007930651,0.0,0.9757136035352633,-652.9555895260526,-652.4474144126018,79.80059545094974,-329.1700603367073,-273.95452396367074,79.80506957628054
447,9746,2.158972284716985,1.0258608002251488,356.0,-21.44384688586037,-34.06969002959011,40.25645722088042,0.0,0.9892760832206069,-389.1022252927049,-211.20710883091795,79.76724142039481,-618.2002826315327,-790.9854800970936,79.77700128046087
457,9850,0.8618008418776082,0.976007950926918,555.0,3.430888712143365,-39.58567045793543,39.73406980110865,1.0,1.0238403662063977,62.2540554282196,-52.66024232260798,81.57800074697411,-718.2886795858768,-806.8470269199435,81.79983805331528
462,9886,1.5303317501723588,0.7340928495581129,585.0,8.0187986057987,-38.49348066173391,39.319831949483735,0.0,1.0262615255137828,145.50245570666075,210.26218471385718,79.73934534759948,-698.4707111772227,-677.2467657019349,79.84787686305282
486,9761,2.042547301875515,1.076602338457689,487.0,14.106547629553976,34.1662419617112,36.96385769655368,1.0,1.0033440263814644,255.9656904413099,414.21169302066875,85.84680738630155,619.9522337550691,654.9280020760592,87.17538205588369
514,9642,3.150332247396144,1.0266886538231188,651.0,-15.263041608371315,31.62638813486681,35.11678894198783,0.0,1.0104149203246335,-276.9504691095515,-223.02546066164143,79.72374864607843,573.8661568863247,571.1671885088364,79.758728147153
528,9861,1.4002910844846814,0.8559921400285055,731.0,-29.75311265884087,16.299865326772593,33.92540821509154,1.0,1.0040677153538726,-539.8752568305813,-481.0537299179646,81.20778434819456,295.76381068084424,300.2153556415942,81.97125287513629
546,9694,2.4866819015914485,1.0589021011364903,522.0,8.462614228760895,32.16878211950121,33.2632888126951,1.0,0.9681954230483302,153.55556518060155,143.04131588152623,81.67490202097662,583.7079873904299,546.5692703105731,83.03978253831383
575,9733,2.976955925180019,1.4547152924367677,345.0,0.4787671544081079,-31.83672198109924,31.84032167692323,0.0,1.0001032150743665,8.68731091808374,89.46601349217185,79.72585823335078,-577.682700068107,-566.1798590753704,79.75736851103974
614,9647,2.7488935718910694,0.959307017980425,701.0,18.046766875334576,23.740187582851995,29.82083669385675,2.0,0.9944403310909665,327.46163446827927,288.06816465876983,85.34304895231018,430.7697152717909,122.4108109838021,111.1403153740844
699,9632,3.289566220606704,0.9847587795592968,707.0,-9.817297064446974,25.234595932200616,27.0770041458252,2.0,0.9927695042136465,-178.13651414637926,-223.8718739869747,84.75424187752212,457.8860072935811,555.1025954506856,81.02257544543636
728,9823,1.8359307386424428,0.8678950099994327,757.0,11.85923412506419,23.332400836812347,26.17331394460336,2.0,1.0046246038418518,215.1878071547105,16.963519725899275,91.73182727892862,423.3703558577148,481.89292765715135,89.94894406840788
831,9760,1.505563921197102,1.4507215337648471,870.0,20.1542431854925,-12.072737520958514,23.493499305763933,1.0,1.0014889747961715,365.7021482342498,412.3011640309944,86.93198534681818,-219.06186235069345,-147.05714267781832,88.43284653028329
847,9734,2.567585300216503,1.3779351414985066,856.0,-22.520970832395115,5.193308984640304,23.112000896580486,0.0,1.0134128558650888,-408.64682131335087,-502.3019602503131,79.79033401800683,94.23346908378488,42.608563132221875,79.75507663988743
851,9887,1.1477038256515248,0.7718949982558877,1253.0,12.51450980874625,19.3448821048317,23.03990927506104,0.0,1.0080796224864643,227.07789516261403,202.47987105778833,79.7610400201811,351.01615466105,419.85899026969287,79.69969115843332
857,9643,2.579313877170057,0.8568432171980903,532.0,-13.26784167853596,18.670832121601286,22.90492512364348,0.0,1.0275896500878001,-240.7472292368267,-218.79662624383843,79.8391799989312,338.78540381538886,348.137647540419,79.831793609745
895,9765,1.5180457038801425,1.4103549507826931,336.0,-16.29515369599975,-14.77152199057069,21.99386041362834,0.0,1.0464839990101402,-295.67831734430683,-429.6473621825032,79.71837781294968,-268.03176258831854,-167.07019628536162,79.83161805009023
957,9667,3.562590879379344,1.164137224418048,369.0,20.695554966029672,0.5967243424716742,20.7041559908356,1.0,1.0145169432448278,375.5243419621416,356.40273248660185,84.72532802950272,10.827664027724134,8.024955140336449,84.73380261134189
959,9837,1.41617280777493,1.0022260386211457,475.0,-6.217405406553356,19.7166426656048,20.673706198758524,0.0,1.0055038200593247,-112.81587170965952,-157.56805449644853,79.8470173898978,357.7618128558144,310.9158883855091,79.86394826332733
963,9666,3.13797330721469,1.1347830294063874,723.0,12.45886287684483,-16.43112105615052,20.62049959011409,2.0,0.9968542945424766,226.06817218012847,305.96633538874215,85.07716263911729,-298.14546806980104,-408.50255741463565,85.26642121452318
975,9697,3.69187971629383,1.3237846097408774,420.0,4.006347345209633,20.05875867535906,20.45494117925448,0.0,0.9847806955730064,72.69584956533528,57.851479834669796,79.78565798509322,363.96956566305056,461.58790885005055,79.77883042300331
978,9754,2.0934108941683864,1.0341350558700115,601.0,20.3456549401816,-1.4979966611801714,20.40072716698704,1.0,0.9964222324336118,369.17534686755187,397.0825320907701,81.92442760783652,-27.181402546321188,-67.73104387779392,80.28709140245189
995,9807,1.516067224006115,1.1266124035913023,797.0,-18.78912557643789,6.976981350148767,20.042692151691504,0.0,1.0114561455190776,-340.93185854244786,-320.44782947359613,79.77177551656888,126.59850555819075,99.59993225942233,79.73145315549218
1012,9624,3.3208855676583013,0.9697501773412222,630.0,1.5944562929477468,19.63103177345138,19.695677174455778,2.0,0.9912776598048441,28.931678864346324,26.08700363806327,83.265283999596,356.20838875129164,250.64049380505526,81.31218473410661
1043,9894,1.5121215616582708,0.7046752451648378,1750.0,4.819996579698421,-18.443927085160933,19.063336889197483,0.0,0.9827295583281667,87.45965241434963,35.31569951366538,79.8222245349649,-334.66817358710927,-334.99040960820025,79.85985428061913
1046,9663,2.4806640236898354,0.8751090696129726,693.0,-6.300089068984256,-17.947136410829557,19.02079986819847,1.0,1.0126675386586712,-114.31618073622825,26.646062664693183,82.94028174514916,-325.65382285443076,-463.0733437829743,87.55998809331342
1049,9817,1.6746552690597485,1.005548043372414,716.0,-16.811426761983796,-8.86464641013284,19.005420956932948,1.0,1.0101006684824343,-305.04617936562806,-333.4177448128481,81.19873947746757,-160.85050704638456,-259.96668929187183,80.471234877119
1062,9690,3.044310381078064,1.2181332433948224,769.0,-6.706284825361228,17.63404692158575,18.86620966149688,0.0,0.9949411816688387,-121.6866713740321,-202.50524611075852,79.73617598208907,319.9727611667141,294.61777814875046,79.66884728951925
1068,9696,3.1244939998148125,1.2952347983361887,669.0,-17.29475683191779,-7.440862927027489,18.827507933180623,0.0,0.988016325363739,-313.81628515696354,-281.1369490828831,79.70704656694679,-135.01571515666143,-108.77806542586667,79.67511578599925
1098,9773,1.1323911762048722,1.4027544128059766,518.0,15.708782339620477,9.733255237047045,18.47977543432484,3.0,0.9500797101928532,285.0385099986612,275.07195563399256,84.61919061838736,176.61156098694684,77.96803694254042,87.60028720875523
1129,9710,3.591178050861697,1.3999536071547776,457.0,7.80698722919351,16.16651902857117,17.952865707121642,0.0,0.9949388692207729,141.65910248659395,167.8860901794805,79.79542303334095,293.34421956732393,172.58745705730976,79.77143424172795
1134,9743,2.303283456026622,1.3811392211255948,758.0,17.83643477045713,1.786463179432757,17.92567588718041,0.0,0.9971871777307694,323.6451228836776,390.00204864153983,79.78651546550341,32.4156762646497,135.9788417570015,79.77843297843403
1140,9706,3.480179657101685,1.367919153261963,1461.0,-17.850885238925184,0.5678869355460727,17.859915996018596,0.0,0.9430643331432829,-323.9073290758486,-261.52604337615287,79.78790009641709,10.30440440615775,165.43424715875443,79.74240235406117
1155,9840,1.0759291800955066,1.0452904194257904,974.0,17.47838703058467,-2.707420661832482,17.686835212412305,1.0,1.0406855271448114,317.14828614132693,231.51636672073872,80.01408178251309,-49.12660540479323,-127.20869491847503,79.99200183402883
1166,9826,0.9151916627006884,1.1429462673679935,331.0,-17.41228579467641,-2.0806150567259047,17.536152816674598,0.0,0.9986787510292987,-315.94886804608484,-367.85828395461846,79.68869861316321,-37.753111783472576,-84.86232946323629,79.75433894839296
1170,9792,1.5480677625808226,1.1966494253321391,430.0,17.389406740171314,1.7507448464036242,17.477315992231883,0.0,1.0258728297917794,315.5337237360219,368.99991954165716,79.682432984392,31.76756107620627,56.179468295903796,79.60386086767882
1189,9782,1.9917383068021592,0.9219868337305503,419.0,-13.84059835372281,-10.246469193349498,17.220693764170328,0.0,1.0105874648035402,-251.13999589164754,-313.2637664016008,79.7270967115207,-185.92391494617186,-185.5099931091789,79.73414695936377
1191,9635,3.0702415909314187,0.978509377322622,314.0,-6.5545837671725184,15.91666814456696,17.21345093771595,1.0,0.9588176429967851,-118.93403003898291,-158.33381541826054,84.05146061840765,288.81063305764354,238.90233577885147,84.08075377231697
1209,9758,1.4979243322528657,1.4547152924367677,1447.0,3.5331159271443924,-16.569836919399393,16.942325805217315,1.0,1.01948742251514,64.1089855186132,-6.70297023391516,86.95702219102489,-300.66249084844833,-273.87879516674167,88.41316094016305
1224,9732,2.5314823155872768,1.339846379726393,506.0,-11.209651244103014,-12.403909719631669,16.71864998578513,0.0,0.9842689577568974,-203.40101601413858,-170.37953070546914,79.73066324501023,-225.0710378565944,-187.4411970239889,79.754806547747
1233,9751,2.1226482971945013,1.051480595951507,415.0,-9.129979704102745,13.853079837206735,16.59109250089794,0.0,0.9707963056074241,-165.66502450108666,-142.90030048915764,79.81802708529116,251.36647451856555,263.9030349604182,79.78961092810465
1243,9885,1.7207429488107178,0.6851801334166481,481.0,13.812099551402566,9.010318263570689,16.491207634030033,0.0,1.0125228300674705,250.62288030786232,230.51752584594556,79.88557564024703,163.49374744242354,190.71325702163804,79.80659363464812
1261,9889,1.335294043090938,0.7458578269662859,422.0,7.847488569900151,14.204242993940884,16.227864797490525,0.0,1.0288872530525548,142.39400615757117,235.0027273279768,79.71050787811527,257.7383893365251,164.14990893099042,79.7097100711321
1269,9631,2.6020881680595265,0.8252615547148763,596.0,9.713971120320332,-12.829312365718277,16.092000829716277,0.0,0.9893170885816486,176.2616474303398,235.4417479968265,79.78837670402157,-232.79004075373072,-196.15632762602038,79.77660859981594
1272,9671,3.143862590478225,1.1539551951329248,738.0,-13.489231311594745,-8.720915165535704,16.06280556758933,1.0,1.0115512374308333,-244.7643815387632,-300.6249404933112,81.08140647814882,-158.24247932568153,-299.9070404628652,82.9009767093549
1286,9759,1.976480896942039,1.219348055744519,362.0,-13.146800500092723,8.813256006114607,15.827565978966998,0.0,0.9977549691396036,-238.55091660061916,-319.66170612499025,79.77832537345074,159.9180194816011,187.23130130113262,79.79022351152943
1292,9717,2.8870038421495186,1.3823406246807042,1123.0,15.484350248758204,-2.883813614146249,15.750602642037334,1.0,0.96274204253465,280.9661517857704,285.6678027334852,84.62032771015599,-52.32728533114045,-179.01416413493422,84.59955287836418
1296,9637,3.156421849681913,0.992666249261854,789.0,-13.685426681390684,7.669049332694617,15.687741109510435,0.0,1.0337037595084166,-248.324379676507,-192.65475721716274,79.79449907924547,139.15619604608472,-96.36975213453728,79.8128034551714
1307,9793,1.6531963231437783,1.1458016841121217,492.0,-3.710476918577077,15.135517721418507,15.583694544576616,1.0,1.0043272891795318,-67.32723067835097,-231.7338797548893,97.05358065673626,274.6365266319995,148.83511757125777,81.61400778249099
1354,9727,3.5195487663510225,1.4539165782845889,1085.0,-14.654029952076211,3.8488781656700177,15.151054648786603,1.0,1.0068320229190257,-265.8998496962095,-231.79690869057367,82.45496161182169,69.83854469368548,229.2216258479858,82.06853716394886
1396,9812,1.5463968876297365,1.091390750397553,515.0,-7.049437989131178,13.04481817570666,14.827739450093285,0.0,0.9896749685348986,-127.91324351613972,-120.65521902296231,79.83528911437902,236.70043009181532,354.9119791791066,79.83179292023709
1421,9618,2.5435877361959465,0.7528153711172683,1125.0,6.914953797238846,12.717359539053255,14.475766634741554,0.0,0.9812116090454696,125.47300512931831,25.930185391654952,79.6931807460215,230.75863779627483,237.3731019565301,79.706680453631
1431,9693,2.41032255107432,0.9839258677009792,579.0,7.598438351065594,-12.232095346679229,14.400014650867409,2.0,1.0537561292511066,137.87494785268936,110.8199260225737,88.14440437704974,-221.95343702643984,-148.59749746835064,94.60813685635847
1432,9736,2.218151792691651,0.9316532574894936,296.0,3.6161872488511904,-13.920716940919704,14.382738625448312,0.0,0.9735536058079072,65.61632868824917,98.63972756114256,79.71240850353563,-252.5937611946527,-220.30449272496105,79.6695577345455
1436,9781,1.9062397579131407,1.0621982295542785,753.0,-14.30532688903585,-0.0542684535235295,14.305429824623236,0.0,1.0143594543934007,-259.57257369402674,-91.11964533581853,79.76356300037665,-0.9847102593855256,-67.32736947120371,79.79981632200742
1471,9685,2.510537543905293,0.9905862429529736,448.0,3.108185081894881,-13.689769544615132,14.038183810165256,1.0,0.9687388894166843,56.39854352739017,20.76267019117816,91.15176647344005,-248.40318166356505,-351.2271536606163,84.19883055242946
1477,9669,2.931560217907723,1.1090198046419295,342.0,-10.923731917913893,-8.746863916168945,13.994125459721628,1.0,1.0336874640690166,-198.21296152622224,-372.60776113446093,93.38474742594218,-158.71332379070228,-210.36617771003955,84.27847077019152
1493,9672,2.4983744428966568,0.916095238157575,410.0,-6.263686381172811,12.368903991887835,13.86447088937146,1.0,0.9677504277152221,-113.65564781461852,60.43138352015474,94.10879438189048,224.43585301146769,351.4606016872254,85.15992482302008
1501,9827,0.6029969505865655,1.1294729727812989,334.0,11.488411632765494,-7.588965867401601,13.768660239124504,0.0,0.9890557484332139,208.45917037092752,225.502352491832,79.77476314139909,-137.70306803596026,-236.41944149340273,79.73204331244347
1505,9661,3.1128414708225653,1.120479491650411,266.0,-11.77905547737046,-7.027111112646756,13.715919164549437,1.0,0.9907903484018546,-213.7329520438413,-64.95903089645498,83.62311691118663,-127.50811856956811,-163.2824475265317,81.98835050104849
1507,9719,3.297318151504805,1.4319441796232,478.0,13.217671527944695,3.619316760575757,13.704243665158048,1.0,0.9752527144177084,239.83688337667212,278.2575875211365,84.00446997717245,65.67311420731158,-36.34369546044707,82.57562188768819
1534,9804,1.179428428423965,1.2161082636981762,381.0,-9.072375955442885,9.957235631375804,13.470506556757178,0.0,0.9640938777887605,-164.61979474785932,-144.2721439977031,79.77081444055074,180.67572308990998,192.76165450421473,79.75323927364926
1548,9873,0.8872571967298988,0.8316787269888251,453.0,4.894548393806011,12.43917053081854,13.367481717739262,0.0,1.0158045877833188,88.8124076789845,63.16021817425273,79.78110540172864,225.71085123389864,269.0767379751646,79.82711367425307
1562,9890,0.9235238785039854,0.7301643669345682,248.0,11.40674757922768,-6.743972378183791,13.251228387358,0.0,1.0045650494903913,206.9773623200158,184.98394646239427,79.78971196967944,-122.3705183883831,-47.52983493242265,79.79560077714657
1574,9808,1.2177427421858418,1.1934028502222271,651.0,8.607082806212677,-9.783098375315394,13.03038327349202,0.0,1.0041330413964946,156.17697193054553,123.66258449123028,79.81319681516472,-177.51597315324403,-231.38899785628902,79.75469332402646
1575,9769,1.7229229980835914,1.3044892317477164,379.0,-9.861465215089597,-8.510819069248988,13.026224987229195,0.0,1.0328844562232176,-178.93795270325685,-44.00812005034482,79.78334700961074,-154.43025015683895,-135.8798367709802,79.70185656418397
1583,9771,1.7673979209701245,1.258962715640406,576.0,11.756656526633208,5.285484280176132,12.890124776790028,0.0,0.9990594439297252,213.32651929777307,169.78706656578512,79.70940412374064,95.90600539692431,105.13063711997448,79.67303992172465
1584,9650,2.722748148521543,0.956379859818519,437.0,12.884443429299838,0.2721529952583087,12.887317398731817,2.0,1.017430191987332,233.79040321838178,131.2229536827802,85.03430600802662,4.938262086962954,-148.7418190499724,84.78906438923002
1603,9698,2.3931103439215167,0.9768418660579674,566.0,11.87953277767151,4.703120838407869,12.776644498319508,2.0,1.0320987147043508,215.55612963630588,288.4287072255267,86.66036238897864,85.33892233914682,62.72503503368387,94.32783743626105
1634,9824,1.152439954821846,1.1278384745910857,886.0,5.603057860765494,-11.083620956867437,12.419376429861405,0.0,0.9745257408718605,101.66843167982094,98.77940195988936,79.85272347717951,-201.11417515584193,-206.419509958473,79.85809704898021
1651,9779,1.7561643496996635,1.2124623725359045,651.0,-5.947547764302387,10.705925927865277,12.247047578155165,0.0,0.9782224423200829,-107.91925919088001,-129.80123263333235,79.76303045712353,194.2608350322638,308.35874177747735,79.72165410670722
1654,9622,3.1176693135511155,0.9454955881179958,854.0,10.69204605195532,-5.945217297893684,12.233783449788035,0.0,0.9576593665782737,194.0089823384772,215.15967235996882,79.75729578645675,-107.87697248409542,-188.8728550302513,79.85963573263803
1664,9763,2.007510717125352,1.1114767381146016,419.0,10.5370108336498,5.983690752367756,12.117473017441576,0.0,1.0114642530873852,191.1958421047072,262.9658173578392,79.70596841808086,108.57507981671351,54.464987261809924,79.82091705742812
1698,9695,2.8781732200740646,1.2472535709787684,836.0,0.1406619296788818,-11.819338474812945,11.82017545388623,0.0,0.9773390870746586,2.5523344828631442,-15.502400123901914,79.78204989259896,-214.46389383939507,-339.307528942327,79.82813508271553
1713,9895,1.4350390270670172,0.711961856066722,345.0,-11.06088328908672,3.9085225504961496,11.731141788527442,0.0,1.001324585267958,-200.70159633178417,-144.69222397705894,79.69330586935024,70.92080213497346,95.703406542433,79.66834328725966
1734,9857,1.4304983205820268,0.861946851789253,588.0,7.266315760152864,-8.872399461201006,11.468165368766089,1.0,0.9933994293926453,131.84852731900548,126.97766748379303,81.13172414248982,-160.9911874681153,-133.72842559467182,82.04769226993724
1738,9819,1.3238746310613267,1.132332624499048,337.0,-9.823425518886154,5.884411511096477,11.451025620311416,0.0,0.9941736882413016,-178.24771598775513,-209.17565404317756,79.7777378411237,106.77364120779033,197.85903175392303,79.82823763599802
1748,9619,3.381214131467104,0.9341723825554245,371.0,11.216947363078411,-1.7348114329166338,11.3503074343319,0.0,1.0338106728908152,203.53340532583425,165.03399310024707,79.74020254878778,-31.478446596080747,-24.68340995441239,79.72235989008043
1771,9865,1.57705947004368,0.8020922829639455,348.0,4.88533798131062,-10.0081704115009,11.136875781711774,0.0,0.9989241160147031,88.64528318789408,2.456540791219549,79.81613019548823,-181.59994328216186,-104.86629675256637,79.7483221350135
1844,9634,3.3225829280302195,0.997240003325038,447.0,9.653321318169109,4.08129344512292,10.480628256789831,1.0,0.9883971246189215,175.16114652179414,160.03719229031822,81.87994455154173,74.05575921254032,104.84850149441945,80.50891570428026
1888,9756,2.0562811103747034,1.0642575924178417,423.0,-5.082283949931931,-8.763426439832632,10.130510999653144,1.0,1.0160569803946102,-92.21890106815924,-145.98623557947045,86.01506526664419,-159.01385358129002,-94.46265025944224,87.10700464693045
1926,9820,1.2383408542204084,1.1466173556741124,259.0,2.111142147430624,-9.536380163986667,9.76726511356871,0.0,1.0346015300683586,38.30703100273126,19.392946792130246,79.73340228319975,-173.03922951861463,-305.7556663370298,79.69038481174131
1938,9711,2.3780289444486926,1.0782468424084073,400.0,-3.1255927057115773,-9.094661738239118,9.616766706902482,0.0,0.9805914812075799,-56.71440780305803,-91.2791959736459,79.82383821726442,-165.02417404251477,-254.63100775959927,79.84399727908875
1944,9841,1.244988718630757,1.0208916615605,405.0,-0.1878797593545697,9.572673249929924,9.574516800021769,1.0,0.9556402055543664,-3.409109981125845,-24.25203865163812,83.62960774570575,173.6977736958057,224.1355116340176,81.6923422978993
1951,9846,0.8752997790110606,0.9951614081513118,302.0,-2.114621445159542,-9.280872582857974,9.518729944460736,1.0,1.0014608463354315,-38.37016344794894,-64.17652862524581,81.61734012091026,-168.40300128375043,-50.30789337053244,81.71884634337214
1964,9748,2.134689848024203,1.1188433232333546,363.0,-8.111655960668255,-4.884529622004135,9.468769299781291,0.0,0.994087007927789,-147.18736810166402,-145.64814329374937,79.75078453803681,-88.63061537168257,-37.564899418282096,79.79430867889033
1980,9832,0.6869740074424758,1.0954938676031425,351.0,-7.992793417535199,4.764236739859377,9.304982446454153,0.0,1.0009975094381056,-145.0305871713022,-22.507942147328347,79.79408215891104,86.4478806982569,99.64305214781587,79.81242691487554
1983,9752,1.897237538741984,1.4738791675634657,488.0,6.8378386845368455,-6.294612009389913,9.293986132145038,0.0,1.044316621122152,124.07373837854554,299.9873486817007,79.7567972186066,-114.21679856438364,-201.22387047279608,79.80598915414174
2012,9627,2.889265732722865,0.9203041186631432,299.0,8.547180980691387,2.8278234388209853,9.002826673764075,0.0,0.9974748036200441,155.09004318434197,309.8008776804045,79.68479346095214,51.31133413872852,64.9663471014806,79.69755953769307
2092,9718,2.2920687730941425,1.0117724944673958,306.0,4.176391988419344,-7.304943948272795,8.414538378802524,0.0,1.0349062290821478,75.78133835026175,74.74710192483175,79.79051771560312,-132.54944231977436,-229.34471938532985,79.75402397645269
2100,9795,1.3974089040878228,1.2351288731773906,281.0,3.422637542509082,-7.593781754447815,8.329463913216573,0.0,1.0170884749542937,62.10433656093539,-147.3752987606143,79.77138947007253,-137.79045312019514,-189.64838812813468,79.71424835254855
2113,9783,0.6292743905517081,1.3739293426269716,347.0,7.264845970016835,-3.782433423952937,8.190530481886151,0.0,1.0137694267189976,131.8218577286243,142.9630551708923,79.7627770145159,-68.63289362749724,27.33546523267284,79.75880843172227
2122,9772,1.89654096736108,1.151509886329955,274.0,5.642175921021723,-5.870512178124516,8.14230080243082,0.0,1.0505023423076079,102.37823549328078,90.52719724405642,79.6933500695365,-106.52143546232585,-143.76262221223197,79.68891217300789
2176,9712,2.64435436807334,1.280737590620188,459.0,7.612963107357739,1.3105732643990875,7.724947220230549,0.0,1.0037693781420944,138.13850200998166,222.72260607681704,79.75999547044555,23.7805733412067,-76.28962152906342,79.7240960443921
2216,9713,3.8183313623424486,1.4063549641027075,342.0,-6.497075714111977,3.601022436556922,7.428280785181051,0.0,1.006196086280988,-117.89053669857569,-116.99609336423295,79.794383866327,65.34116060664266,64.64064805853276,79.79043386028945
2223,9755,1.768103670282548,1.4071550136647544,461.0,5.572201353823157,-4.857465117419301,7.392184744342766,0.0,0.9763368551986489,101.10853514726644,-23.960345214444526,79.7990354351701,-88.13952536267178,-85.42522112576012,79.76394295124085
2244,9858,1.3340184734048697,0.881466586987551,437.0,1.4586387543540713,-7.075432618944557,7.224221325577465,0.0,1.0304529759423493,26.467246676322116,-31.598237703213243,79.72701719400226,-128.38492046663666,-44.03510736829598,79.84117675797138
2247,9673,2.904737438229549,1.1106578388835244,319.0,2.1805346758153155,-6.874027835828583,7.211587215043523,1.0,1.0310805789000173,39.56617015611583,149.554650264128,93.66246042442955,-124.73039664392212,-106.06569011649094,83.98422611934078
2254,9811,0.9313336329476498,1.214893099611181,357.0,7.051247966518041,-1.2822553349491002,7.166887513372192,0.0,1.0065261950101971,127.94608586167158,81.07843128706932,79.76617997348322,-23.26673972621585,10.806451329829887,79.7769985375253
2268,9753,2.080765075327032,1.1621016821980563,442.0,0.5557550895795041,-7.057618873107288,7.079466637934931,0.0,0.9557140901403377,10.084270011073407,-125.17275822052036,79.78133146241291,-128.06168703827964,-42.92298119655182,79.78461290816185
2274,9815,1.1109518062564945,1.1836570463814706,435.0,6.206582353843936,3.345558173272309,7.050845623455111,0.0,0.971893769393884,112.61948558938404,221.6301932137134,79.76131615460976,60.705718381379064,160.804530084847,79.74334529148186
2276,9686,2.463458323407492,0.9538697851436484,320.0,6.860180915715617,1.595409597084938,7.043253082121889,0.0,1.0084319252683884,124.47914193864074,255.3333181752325,79.80032836471477,28.948976729003547,-182.23178387125853,79.74397674170129
2278,9774,0.3926990816987241,1.41355447635604,224.0168577821045,6.962406558963992,-0.8717686057276209,7.016771735936484,0.0,1.0176156488021093,126.33404350931688,52.654999197729936,79.75691581395779,-15.81838866106632,46.99532119206198,79.79043552152584
2289,9691,2.357139046011224,0.8950051824356556,307.0,-5.380730571886683,4.321031679306508,6.900983716891847,0.0,0.9945875361487455,-97.63426545458637,-99.23660184727174,79.8066649559671,78.40584998240523,83.31505282138515,79.77995195584694
2303,9789,0.8951130686761378,1.3362338231073785,302.0,-6.727165366491356,0.9499712911993918,6.793908986895822,0.0,0.9997413434041473,-122.06555232120047,-256.2869709182708,79.79847020851001,17.23738960352295,2.8099244647119654,79.7464705965692
2333,9842,1.3666785230742773,0.9776756747946752,390.0,2.355890981419724,-6.12730750846918,6.564611155253415,0.0,0.9681921986053011,42.74803995275076,4.070588094497207,79.7708093469396,-111.18103012431577,-177.08752408315542,79.69262743304209
2345,9828,1.817892940952604,0.8602461775549655,442.0,-6.4677629525434295,0.5523688222505436,6.491307181615099,2.0,0.9614663437847866,-117.35865168668833,-165.37627363256726,87.228925438549,10.022825618183095,-122.02974425797498,87.79588745595296
2350,9726,2.4517562439137075,1.25492631751465,539.0,6.056264196838444,2.104888280432003,6.411621533980869,0.0,1.0088301999645832,109.89193722998488,161.8268182264719,79.75424736100096,38.19355352927231,52.87762596532019,79.72964302395172
2368,9704,2.53420788714916,1.158029307075235,553.0,-5.865895894125916,-2.220476255539052,6.272100879461044,0.0,1.0114196347612099,-106.43767220911859,-79.71452641896983,79.82150595980953,-40.29091686947068,-58.267530521524556,79.74417808023955
2387,9801,1.7017994987133642,1.060962347371496,153.22139001376144,6.104986990525302,-0.6355309942904578,6.137977337787018,0.0,1.0064218421057143,110.7760205545368,211.54035836871842,79.74597521107636,-11.531817282465212,61.48018687354191,79.81958039590914
2417,9878,0.96278691167552,0.8093978576178844,265.2585884035487,5.938100168146806,-0.464035874339724,5.956203732212269,0.0,0.9992131491441912,107.74783096219652,11.920823505934148,79.69947688112886,-8.42000935197352,22.349270046881212,79.72282988652672
2419,9623,3.3586311122622488,0.9597250729054329,321.0,-4.378939520721702,4.01963636109623,5.944122122028227,1.0,1.041247486113418,-79.45659755006326,-39.284352558985134,81.21427124848952,72.93698100415534,113.31704274816724,80.71121003173502
2429,9725,2.848640935892347,1.3963520769607891,352.0,5.822423703903041,-0.2580710712809946,5.828140223570821,1.0,0.9852412309096145,105.64886197165967,206.48655259887036,84.61019449579722,-4.682743196852404,-58.063814922610874,84.531561853934
2445,9810,0.6625937831229348,1.2274434805714145,415.0,-1.4864497856791474,-5.551668869127346,5.747221954804189,0.0,1.0271291687774688,-26.971882539181575,6.782015323783231,79.71005091310704,-100.73596974291279,-0.6892250000831197,79.71070937235285
2482,9835,1.0799224746714915,1.0712553375764289,542.0,0.614161708267804,5.388342431080171,5.423230472557975,1.0,1.00024430902,11.144067976634572,114.34838106039881,79.82435811039758,97.77238392589265,12.908984049566062,79.84253248855788
2505,9720,2.393478613532162,1.1820318467830335,638.0,2.987120433195108,-4.327579852512773,5.258406209326759,1.0,1.001648220846276,54.201805019411815,101.88500039379929,81.43602847690151,-78.5246676917333,-27.14800993329487,81.66436769708751
2519,9689,3.443129448465599,1.2569446776970552,410.0,-1.5122130178137168,-4.953638946948763,5.179317235695542,0.0,1.013916744622467,-27.43936073969528,-76.31486102776326,79.76533516238277,-89.8846157507919,-101.80816779213366,79.74338679148673
2535,9699,2.495208683876885,1.0770134963778604,288.0,-0.8352092241801916,4.956988027060309,5.026858337826413,3.0,1.0149382607597253,-15.15501250513929,26.508214120953564,86.2541973938331,89.94538537533838,-134.50220413044738,90.14744008322934
2548,9780,1.9604208961102143,1.0030566905872031,740.0,-2.0815872011133942,4.378930403778338,4.848508714746568,0.0,1.0115830920356486,-37.77075150765506,-163.3009339892284,79.75730525220456,79.45643212158535,-20.20360534462821,79.70259203395851
2568,9884,1.3305997765655582,0.7770851391964756,442.0,-1.531098174768385,4.440032657520817,4.69661065244187,0.0,1.0077996741728237,-27.782035103822952,106.96523925814297,79.7143169828444,80.56514284070893,200.69495186628524,79.70711350618731
2583,9859,1.1097287427845437,0.9059815969008248,310.0,-1.5621599003490083,-4.29523711400428,4.570492907748379,0.0,0.9653216092027807,-28.345655363246706,-70.55307717941594,79.8453032934687,-77.93780323626972,-237.5938218872634,79.86413851818864
2605,9724,3.382680064506099,1.444729991781038,372.0,-4.367180357328101,0.606213618170278,4.409054232404893,2.0,0.9428126432547986,-79.24322554324075,-17.83929033905258,87.43130223969298,10.999848538758735,-101.16441797045302,84.54851215131926
2608,9775,0.98752269074238,1.4079550369832146,353.01983255231386,0.8394904082782237,4.262011705762304,4.343902384451801,1.0,1.036647103406295,15.232695314026088,140.6150023962514,80.27619213100358,77.33492258933991,32.39726817093744,81.50778844177984
2692,9664,3.571691647831253,1.149063941229734,399.0,-1.9137035809734613,2.3098517156258755,2.999612699001398,1.0,1.0253615345583147,-34.72447485149612,-87.19349049197814,84.61541651547552,41.912649695275974,46.888005012012826,84.70066886955392
2701,9768,1.1748517981399846,1.4259489050009635,274.0,1.0667857510342171,2.475172448343522,2.6952755865863707,1.0,0.9575372457232268,19.357007716356353,77.01295234946741,80.61134627116323,44.91242232608469,15.639535205463734,81.25383921779996
2721,9872,1.540291478397792,0.7805420973497917,329.0,-2.2434003118148125,-0.5514292419424561,2.31017730226925,0.0,1.0030139884985358,-40.70687774426666,-54.543174314867635,79.701548553463,-10.005776774723989,-8.719681009736867,79.7210380209762
2725,9735,2.3172893180116665,1.1820318467830335,350.0,1.6961444960929273,1.4084840536757874,2.2047071191170287,0.0,0.9772582095050453,30.776828493534175,-221.94434006070802,79.74034036226045,25.557181157449296,47.20989660322609,79.72170899650044
2731,9777,0.6496503326867782,1.4091550230398144,318.0,1.9962890942554607,-0.44237392895206,2.044716322833016,0.0,0.986287144135115,36.22300294517295,27.23942804927937,79.75773848314009,-8.026949692511634,63.33657198842889,79.76759004866088
2733,9683,2.797158263496499,1.1392737145536882,360.0,-1.9543643985193704,0.3343365156637246,1.9827559375541253,0.0,0.9631673216348385,-35.462272256670005,-15.700175458546148,79.75619038506284,6.066592572396321,26.846581941812648,79.74519309401245
2774,3264,1.764835873046031,1.536906907530245,12.024612688493477,1.110006792444291,-0.1810674354610264,1.1246779518852923,0.0,0.9862542532144821,20.141260816168256,16.494992324063563,79.70493203941898,-3.2854992129413283,-44.568998510978545,79.77940397087828
2780,3410,1.8303557198321283,1.1958378754177277,47.5027089246307,0.9870951766136524,0.4629186258040275,1.0902525128658165,2.0,1.0133761302250461,17.911008777502637,25.282268735389312,310.9250979670069,8.399736688502342,-362.13910197105037,307.8854874398853
2795,8427,1.690767474821594,0.9144108446132794,18.05737685183604,-0.7143597207047704,0.606215270178362,0.9369134241555204,1.0,1.0087253822505036,-12.96217784361171,124.14637539080988,87.05784974874354,10.999878514724575,88.23934194764203,84.86291790772937
2800,3523,1.6566280409766294,1.1555850495523337,15.34800681293406,-0.8891237208440096,0.190267564282376,0.9092539452680116,1.0,0.9932558554268026,-16.133300157494258,-41.809249277060744,97.16178771103156,3.4524371050285505,8.564964585303183,81.67430198204018
2815,2996,3.235017031897151,1.3727274491864552,33.40906271506641,-0.3036289458944151,0.7688368451656252,0.8266200041549837,0.0,1.0111138205941328,-5.50939853001357,113.17970916016945,79.78495074397338,13.950674472415903,-67.53472881751617,79.71924146096808
2833,2957,2.482466417135874,1.0926219007597509,97.83058774649548,-0.745274373749094,0.0892019311278239,0.7505936828165005,2.0,1.0069023746934744,-13.523129447012211,54.95548442820079,86.88198463068733,1.6185841135215835,79.11116700721503,85.35610357483048
2906,3661,1.5481288290993385,1.0539552385869195,35.026320625254584,-0.4977703646392496,0.0935540676054153,0.5064856360042308,1.0,1.0257403030054322,-9.032127378861489,3.2956235575557535,82.5055094418505,1.6975543653249099,-104.88342900688961,91.63358701812274
2930,8420,2.141720376341503,0.8282572325005475,8.843901574106164,-0.2926557534251978,-0.3524596004956917,0.4581213376327856,0.0,0.967422088233717,-5.310288098426178,10.309352801270524,79.78728245338954,-6.39543900908379,178.0340734400611,79.75887135292923
2973,3515,1.8950725854450967,0.9739226964044398,5.697979144288595,0.3194090175209935,-0.2161454233481667,0.3856695016566445,0.0,0.9690350744739098,5.795730596170439,35.19470223779975,79.7428787985375,-3.9219952305787538,104.63458800241727,79.76280351115838
2993,2978,2.6502663831695,1.222991708746237,47.66536777347592,0.2972199657652835,-0.2068909677020775,0.3621375160988134,3.0,1.005452412792796,5.393106502590721,182.123861679676,93.96882890264777,-3.7540715690765665,-85.85604470944033,90.66455804680594
3000,3154,3.4628919022523856,1.5093899638784505,20.131019901806937,-0.2613948280162775,-0.2383995963802537,0.353781887139417,0.0,0.9667365386050677,-4.743053324457491,29.202700671026797,79.737855898526,-4.325800960722425,-48.13378961537747,79.80737457054445
3013,7432,3.252070656113731,1.098774893019725,28.79612582640014,-0.2788257620652806,-0.1912510314944565,0.33811353513129,0.0,1.0164319402910549,-5.059340568229487,27.679637741562882,79.75351273838437,-3.470282283776551,-160.02991724362465,79.8124428723103
3037,5961,2.692925858244961,1.2306800527276782,146.25286350600553,0.2241045655697563,0.2149167800249594,0.3105029446647906,2.0,1.0052621239608612,4.066415211113295,16.95537912102737,84.35601202717841,3.899701289864869,157.04196640260628,86.78559420328168
3092,3548,1.6703636471546794,1.117206847027398,13.287114390061308,-5.008400409345588e-05,-0.2756972926924079,0.2756972972416137,0.0,0.969271720744992,-0.0009087827173949126,-25.692745358450235,79.69699250825867,-5.0025739628146955,-1.5183319640650694,79.7943244917805
3095,3409,1.8292285198956648,1.1966494253321391,45.93523839704627,-0.0545170243539952,-0.2675303304572047,0.2730285400081012,2.0,1.0155915427863773,-0.9892206191074481,-146.77827664971866,309.05741274479203,-4.854383053016025,379.56617605164564,308.168417310795
3147,8358,1.1462302784165008,1.2500809251044662,15.908231316689488,0.0218288096495525,0.2419635037253441,0.2429461546634583,0.0,1.0239429362582946,0.39608743969032334,56.72806901925429,79.79386465861286,4.390468661722756,24.03117154928414,79.7497752318508
3157,7249,0.8680716542813902,0.8020922829639455,5.92165613984131,0.2351485854889558,-0.0151680349036478,0.2356372774844741,0.0,0.9633692190015638,4.2668108187489295,-72.07808660375358,79.67168183704923,-0.2752265563982542,-102.01086024178139,79.69170889176115
3221,2994,2.5989703930649126,1.2233964868759102,92.01383416240895,-0.1014805684241779,-0.178028284789578,0.2049204137044754,1.0,1.0028900490205213,-1.8413820620894603,131.40644328300533,82.07325965533799,-3.230353310456819,57.463371492140894,83.83770834960819
3299,2783,3.040722207449288,1.116797679735106,5.658459991574674,0.0813850802737529,-0.1636064841292586,0.1827309851675477,0.0,1.001353547721791,1.476746033894847,97.19956098701567,79.75801484579381,-2.968667300501291,-17.268601376544797,79.78795904109847
3328,3008,2.504981098786271,1.1832507707944304,8.655188560460013,-0.0186900502268566,0.1729332629315469,0.1739403098928882,0.0,1.0407780906019761,-0.33913411958269285,71.08043989409364,79.76313761559396,3.137903277893768,184.99698186018625,79.7025867418617
3337,8504,3.4927416389023294,0.9425619476594064,17.520881509866634,0.0724176914365327,0.1553513000942851,0.1714011332342395,0.0,1.022318870943102,1.3140312481477028,-113.86475471963101,79.8113924711579,2.8188755912382017,-56.36769551620034,79.81694045970312
3354,7343,1.9909319843349715,0.804671947893658,17.34633878478438,-0.1188974947951758,-0.1193137779003535,0.1684410634774779,0.0,1.0485504241555008,-2.1574151341770564,-124.43919109765913,79.79529091918897,-2.164968661463394,-39.97219961879495,79.76980920499138
3358,3900,1.623127840390718,0.8171215508346744,6.117497736641713,0.1388688663958148,-0.09352672446614,0.1674270296081966,0.0,0.9970617072105168,2.5197990466027758,98.2354904442741,79.78740732804614,-1.6970582194423571,28.169638110957393,79.69574021261789
3362,5934,2.7506009592028025,1.0134314067659491,9.440646912828504,-0.1507829898227802,0.070022496952713,0.1662487897681945,0.0,0.9855648574101393,-2.735982829415595,-67.56981079875396,79.80094137350287,1.270570039502458,28.308885695021246,79.76048566634171
3370,2950,2.685695606467856,1.2096258476295794,10.142729077023384,0.1079450227814562,0.1237646481801684,0.1642248948315997,2.0,1.0181827334315818,1.9586806787559816,-51.845119593435385,84.74641059977077,2.2457304547919543,31.490422600270538,83.49815788201371
3375,3470,1.5697996286179965,1.2553300154363385,2.583226734857681,-0.1241456929598003,-0.1048928752421895,0.1625259005729319,0.0,0.9923340841125288,-2.2526445767067447,14.157299376660223,79.8191914172042,-1.9032989459087188,77.01567121917482,79.68547606395308
3380,7350,2.4869118725405275,0.9901701642650343,14.575762474965764,0.1546029517394934,-0.0450882256645301,0.1610435369089357,1.0,0.9888569667401814,2.805296683885735,-25.977330301306374,91.02102246089876,-0.8181334736229819,-1.2779655505509595,84.26386044210366
3382,5932,2.7961138295677253,0.9089332202823072,5.8836927129981005,-0.1367850293202624,0.0841770683896879,0.1606110926705477,1.0,0.9939171454346731,-2.4819874707432446,-28.787409403024476,81.94799861982568,1.527407130044411,8.754064119134892,81.9301605630248
3416,7326,2.717683900574308,0.9855915867785844,1.9278843783638613,-0.0198596787572436,-0.1508262070408654,0.1521280762077629,0.0,0.979655225244156,-0.36035722690862254,-31.362010189309032,79.74751831723772,-2.736767013140531,63.60395115719049,79.6970056868019
3471,2736,3.369412852554384,1.1090198046419295,14.80632635801528,-0.0545780337136887,0.131539192921854,0.1424125030978154,0.0,1.015164354308845,-0.990327644248356,84.77850607235482,79.82489860845332,2.386800882860635,-171.74231886302846,79.92752703807508
3488,8364,1.3559564704395408,1.481861386786809,5.708644125694726,0.032412660230173,-0.1356339094924835,0.1394529954766546,0.0,1.0443729732404428,0.5881331969187233,-53.57309005294299,79.7805149133494,-2.461100206953711,54.80627062560555,79.78571582689004
3490,3840,0.8098587697050195,0.9730884074289652,5.824347953069422,-0.1382852995371854,0.0146126148730375,0.1390552141471754,0.0,1.0244456008145622,-2.5092101273427017,116.70783199603801,79.737854361767,0.2651483660887948,-18.855369139001496,79.81792697065714
3491,2975,2.4452536081453835,1.0807129615442064,38.46997693123681,-0.0845476945000915,-0.1103098723362273,0.1389841018969997,2.0,0.9818145899771713,-1.5341322034455231,-52.20069949224177,83.17711655311734,-2.001591273535999,-43.60833948242209,82.17439693786913
3494,3429,1.2569462733112706,1.367919153261963,6.467061242060586,-0.1221201259395348,-0.065757295818983,0.1386987639199178,0.0,1.033582525095515,-2.21589032084678,-4.897359809297832,79.8311390650761,-1.1931772442036996,41.9686343436759,79.81315057941934
3506,5959,2.619264748806053,1.157214624244182,6.204682279353626,0.1052455274809843,0.0883920078959731,0.1374400528035128,0.0,1.015229479348742,1.9096978803722915,47.63472453193957,79.76641815395512,1.6038879196200497,-5.725803589560353,79.75737017488078
3520,8428,1.6892482605840935,0.9000738277459134,2.935434583227374,0.1057015462683773,0.084174218099095,0.1351225957274353,1.0,0.9883574192374789,1.9179724183269018,29.996001125485247,87.0286979610698,1.527355411039965,-74.03006180495626,84.8866331037233
3526,5969,1.813134049309588,1.176748146022953,18.390236656673547,0.0706340052552431,0.1140664337346935,0.1341652488662729,2.0,1.018511230077259,1.2816659609836136,132.0944935684267,82.70121582288843,2.069754714889224,-112.0895768880767,82.60852748945965
3527,2961,2.3821900632062043,0.9968243353318424,2.840358744428133,-0.0940073684945376,-0.0955851844912318,0.1340668222398465,2.0,0.9636451220415047,-1.7057795865561316,-18.912314161128933,82.86540129638732,-1.7344093244331054,-90.5786025834104,83.07870808613171
3530,7349,2.49400963961869,0.9257712048073624,13.34744794249192,-0.1308641165817195,0.0238594397609095,0.1330213887854819,1.0,0.9859543406666067,-2.374551508595517,28.39138223577407,93.99532790663243,0.4329335661936968,-46.021667015364926,85.30443878868233
3550,3067,2.4141826282064893,1.201517421091918,20.83648681114264,0.0580985349947398,0.116869398458027,0.1305139688480742,1.0,1.0060274756664367,1.0542077348820025,-57.91628342378499,81.51699911836786,2.1206149834348436,111.10865374073886,81.57855888032975
3555,7342,1.6906871754701982,0.8640719424699477,20.688699917136137,-0.0069069465110629,0.1293311839416234,0.1295154857530508,0.0,0.9857016111800131,-0.12532771156859665,-157.6517852838263,79.74865912734242,2.346736186808337,57.51787800714159,79.75475743035582
3567,2613,2.9639308786882843,0.9492653697789676,5.9047893081339815,0.029488350048185,0.1246412137232377,0.1280819852554063,0.0,1.0126567312086618,0.5350710945210457,69.76999646729928,79.72869933421305,2.2616358846916644,20.871211156954477,79.67591348148609
3580,3806,1.2157609087851895,0.997655645842762,5.456277805046407,-0.0243433237537353,0.1244568668126259,0.1268152558180398,0.0,1.0057759898622098,-0.4417137230095051,-123.91699251504802,79.79708881588974,2.2582908788479514,58.82941592103006,79.83155654358944
3632,7324,3.0434856366298635,0.9847587795592968,2.8749325204052094,0.1151401098118501,0.0364208569879998,0.1207630891921254,1.0,0.9799687066553875,2.0892367487373877,-5.235066656157933,84.1294173012879,0.6608626043885081,98.80192583456736,84.13703633807916
3633,5867,0.8435386783649685,0.9354315528364088,6.805926387555533,0.0335574681980646,-0.115984899813403,0.1207418761515211,0.0,1.009766982286867,0.6089059309440329,-51.97093956526209,79.71842394867686,-2.1045656060669002,39.27026932872495,79.72385186288022
3634,5949,1.8519002638929056,0.8525864764733947,4.000923906667764,0.1107670545110127,0.0469012428929371,0.1202874347134726,2.0,0.9739529797588835,2.009886921351432,74.2558391930885,83.24383302065432,0.8510309775933323,132.66308886456568,83.3804946296284
3641,3004,2.448849757394993,1.1347830294063874,16.99200843848279,0.0793159706739815,0.0893290530311434,0.1194600473773417,0.0,0.9980734300476041,1.4392016905719887,-101.42229658159387,79.7990178260988,1.6208907619381825,-28.97410671041067,79.80345461661959
3646,3403,1.22955436614635,1.3971524656012642,11.217595088041945,-0.0066550662016705,0.1186725949445775,0.1188590539127263,1.0,1.0048608703729527,-0.12075730079231839,100.43000034427607,82.91558953438891,2.153334288384714,121.49699570186695,83.07994748756892
3662,2885,2.711819323114746,1.132332624499048,16.71775938712035,-0.0728010996675742,-0.09113700333993,0.1166445604843642,0.0,1.0156181071741832,-1.3209882552876928,96.89422112191211,79.76130855668234,-1.6536963257958204,42.452945163847176,79.78135820262568
3664,8408,2.76125583367261,0.9664102195760652,3.764949491428689,0.1161154820553979,0.0089898166377192,0.1164629639676805,2.0,1.0155046879124237,2.106935042913487,119.23357066776087,81.3728692382058,0.16312174197701454,-10.751525502849994,98.55339113259984
3665,8520,3.354787935637201,1.286377174749549,2.292717342724004,-0.1155317410801376,-0.0142278891841009,0.1164045361128294,0.0,0.9846558510423941,-2.096342964277723,-4.783555684314244,79.7796701565669,-0.25816745345267594,60.58116858140484,79.72560083214634
3667,3656,1.7459570682720256,0.951358706293952,3.8609554841711975,0.0372842334560706,-0.1099033581515469,0.1160554272638465,0.0,0.9961680436200357,0.6765287162937006,130.29182604249422,79.72618727881141,-1.994215004962822,42.482622952261906,79.67804380076623
3683,3642,1.562763143376984,1.058489985310365,2.0052020050449983,0.0363819325728171,-0.108746508130026,0.1146710427623592,1.0,1.0358555526396085,0.6601563142976292,54.09299428057113,82.7394917652845,-1.9732237658395606,58.28133366434179,91.45075819584335
3697,5951,2.46977940976658,0.8789244546240242,4.756841096196073,0.0223679907223645,0.1112597686058568,0.1134859600090891,1.0,0.9887691571632861,0.4058709713664981,29.553283598665384,83.08412384174652,2.0188273018604597,108.48758911739478,87.49098751913562
3729,3383,1.6754254938910964,1.339846379726393,2.4320116759199646,-0.1108104502458657,-0.0033922197946214,0.1108623607850135,0.0,0.999673629031157,-2.010674344293285,30.77913981351572,79.76157779484733,-0.061552401385568424,38.78399683173927,79.76748469517446
3751,2790,2.708893739777519,1.0279302550546667,3.157732887688273,-0.027492590391746,0.1053193624208819,0.1088485674099085,0.0,1.0212154606149608,-0.498857698314516,32.23388410336787,79.73816128805512,1.9110376278332497,81.77022719574211,79.74561593025066
3752,3970,0.726660170440812,0.8517347207694707,3.981536984063444,0.1043494567897706,0.0307394286672254,0.1087829104552164,0.0,1.0476637002860243,1.8934385262635507,137.42086962134476,79.76987549873779,0.5577721274689039,90.88285427339747,79.79508214634134
3759,5933,2.8085284040835026,0.9270321295038136,3.992986397449624,0.0601340081325749,-0.0894282888833518,0.1077660326201759,1.0,1.0186882344740422,1.0911417389191882,139.21608195907572,82.01491991126463,-1.622691413245228,5.657014843124166,81.94598663537371
3771,3754,1.3330636988606914,1.0308264915469283,5.175567988000142,-0.1016794679192136,0.0320032758255605,0.1065970161866705,0.0,1.0148009151825257,-1.8449911270366186,-2.8078695902835378,79.74285542032194,0.5807048477198729,52.633057264592594,79.70011772015191
3803,7364,2.371519332404978,1.3249897850054266,2.111342470387278,0.0795283045428443,0.0658182675252167,0.1032317565649273,0.0,0.9730747814275349,1.44305452450236,49.87385426950634,79.73387872297923,1.1942835861162167,-84.53798774095623,79.72789449687554
3836,7252,1.2664264081716734,1.0067933816249444,8.813496106190694,-0.0368842902527905,0.0938010815618479,0.1007923299146544,1.0,0.9948667069654873,-0.6692716792883864,51.31945839939627,83.51465680581538,1.7020364753044235,91.40263944186268,81.69496889485214
